Seat Name,Electorate,CON,LAB,LIB,Reform,Green,"SNP/Plaid",Indept.,Other
Aldershot,"77,531.000000000",0.277572718,0.421183551,0.070130391,0.189448345,0.037392177,0.000000000,0.000000000,0.004272818
Aldridge-Brownhills,"72,512.000000000",0.373974679,0.315152461,0.028285485,0.173725036,0.108862340,0.000000000,0.000000000,0.000000000
Altrincham and Sale West,"73,107.000000000",0.306233565,0.411492653,0.111724671,0.095112142,0.075436968,0.000000000,0.000000000,0.000000000
Amber Valley,"70,045.000000000",0.234818097,0.450839552,0.026865672,0.253684701,0.033791978,0.000000000,0.000000000,0.000000000
Arundel and South Downs,"76,681.000000000",0.314933619,0.252840769,0.141980704,0.207949204,0.079079739,0.000000000,0.000000000,0.003215964
Ashfield,"69,549.000000000",0.172000440,0.275618608,0.034246123,0.464665127,0.053469702,0.000000000,0.000000000,0.000000000
Ashford,"73,390.000000000",0.233052131,0.409950249,0.067531906,0.219251568,0.064006057,0.000000000,0.000000000,0.006208090
Ashton under Lyne,"71,709.000000000",0.098120489,0.569165535,0.018866576,0.260701779,0.053145620,0.000000000,0.000000000,0.000000000
Aylesbury,"76,209.000000000",0.275343651,0.397308469,0.117235413,0.151687013,0.051292896,0.000000000,0.000000000,0.007132558
Banbury,"69,699.000000000",0.261241611,0.433829698,0.080704698,0.168980705,0.051552013,0.000000000,0.000000000,0.003691275
Barking,"71,151.000000000",0.141787974,0.400725271,0.076873618,0.240882671,0.121521527,0.000000000,0.000000000,0.018208940
Barnsley North,"76,552.000000000",0.087864530,0.475631408,0.031293000,0.317923565,0.063318390,0.000000000,0.000000000,0.023969106
Barnsley South,"75,635.000000000",0.050251060,0.337221343,0.013109822,0.552058301,0.030381181,0.000000000,0.000000000,0.016978294
Barrow and Furness,"78,041.000000000",0.178499698,0.487763976,0.034728858,0.248815397,0.045161165,0.000000000,0.000000000,0.005030907
Basildon and Billericay,"76,681.000000000",0.271672879,0.391120368,0.051918439,0.219688665,0.050624863,0.000000000,0.000000000,0.014974786
Basildon South and East Thurrock,"73,037.000000000",0.250209225,0.380909113,0.047535927,0.258649961,0.037086631,0.000000000,0.000000000,0.025609144
Basingstoke,"77,260.000000000",0.235074997,0.457627454,0.057025105,0.188690087,0.055578672,0.000000000,0.000000000,0.006003685
Bassetlaw,"76,595.000000000",0.186328214,0.466440664,0.018934618,0.301382889,0.026913616,0.000000000,0.000000000,0.000000000
Bath,"73,515.000000000",0.118135267,0.077840401,0.586535157,0.146522098,0.061310056,0.000000000,0.000000000,0.009657021
Battersea,"71,971.000000000",0.138335447,0.616547956,0.054522392,0.108498390,0.071499659,0.000000000,0.000000000,0.010596156
Beaconsfield,"71,573.000000000",0.327355941,0.150401452,0.328401491,0.154386380,0.033832436,0.000000000,0.000000000,0.005622300
Beckenham and Penge,"76,436.000000000",0.213149071,0.490153943,0.067894259,0.168763083,0.060039644,0.000000000,0.000000000,0.000000000
Bedford,"71,098.000000000",0.171268471,0.545234760,0.052374712,0.154977631,0.065841204,0.000000000,0.000000000,0.010303222
Bedfordshire Mid,"70,946.000000000",0.164629579,0.403856011,0.084453732,0.267653669,0.066179080,0.000000000,0.000000000,0.013227930
Bedfordshire North,"76,467.000000000",0.390358953,0.367539050,0.103941243,0.107499741,0.030661012,0.000000000,0.000000000,0.000000000
Bermondsey and Old Southwark,"71,073.000000000",0.104622975,0.251313955,0.474246487,0.074696986,0.067682077,0.000000000,0.026064571,0.001372949
Bethnal Green and Stepney,"76,294.000000000",0.087020130,0.572547640,0.030759829,0.086557158,0.059575177,0.000000000,0.000000000,0.163540066
Beverley and Holderness,"71,221.000000000",0.310635106,0.387981330,0.071761960,0.186072679,0.037068678,0.000000000,0.000000000,0.006480247
Bexhill and Battle,"70,305.000000000",0.271761253,0.355614114,0.078711143,0.205368811,0.056601752,0.000000000,0.000000000,0.031942927
Bexleyheath and Crayford,"68,825.000000000",0.218024136,0.425061638,0.047428522,0.261927419,0.047558285,0.000000000,0.000000000,0.000000000
Bicester and Woodstock,"70,137.000000000",0.217193391,0.143940002,0.421392476,0.154006577,0.053501243,0.000000000,0.000000000,0.009966311
Birkenhead,"75,675.000000000",0.101860106,0.569144827,0.047027595,0.110853588,0.131514827,0.000000000,0.000000000,0.039599057
Birmingham Edgbaston,"73,255.000000000",0.125553814,0.609115489,0.029286802,0.149478563,0.070888147,0.000000000,0.000000000,0.015677186
Birmingham Erdington,"78,252.000000000",0.124933101,0.555834788,0.024456079,0.221082024,0.061035486,0.000000000,0.000000000,0.012658522
Birmingham Hall Green and Moseley,"77,165.000000000",0.112252407,0.469491629,0.089164163,0.161709695,0.119335255,0.000000000,0.000000000,0.048046851
Birmingham Hodge Hill and Solihull North,"77,784.000000000",0.137722240,0.551902154,0.030154633,0.196463465,0.083757509,0.000000000,0.000000000,0.000000000
Birmingham Ladywood,"78,301.000000000",0.060283609,0.511230827,0.017363816,0.047305269,0.073796220,0.000000000,0.290020258,0.000000000
Birmingham Northfield,"74,909.000000000",0.180968071,0.551953778,0.027427139,0.177789122,0.057081864,0.000000000,0.000000000,0.004780026
Birmingham Perry Barr,"75,301.000000000",0.114799256,0.602690356,0.034478801,0.089456649,0.088584349,0.000000000,0.000000000,0.069990588
Birmingham Selly Oak,"81,511.000000000",0.124959942,0.566575869,0.038575549,0.137497997,0.117729531,0.000000000,0.000000000,0.014661112
Birmingham Yardley,"73,100.000000000",0.164968583,0.470698676,0.075675270,0.122937893,0.084461912,0.000000000,0.081257666,0.000000000
Bishop Auckland,"70,578.000000000",0.140048323,0.484339326,0.028905194,0.273491011,0.056901558,0.000000000,0.000000000,0.016314588
Blackburn,"69,792.000000000",0.120596432,0.557868661,0.038063026,0.156301360,0.069551962,0.000000000,0.000000000,0.057618560
Blackley and Middleton South,"70,878.000000000",0.095621804,0.584083822,0.028264937,0.214893352,0.077136086,0.000000000,0.000000000,0.000000000
Blackpool North and Fleetwood,"75,797.000000000",0.229930029,0.497867760,0.019769801,0.216784664,0.030079079,0.000000000,0.000000000,0.005568666
Blackpool South,"77,039.000000000",0.126384836,0.534541386,0.015422416,0.258298050,0.056819428,0.000000000,0.000000000,0.008533883
Blaydon and Consett,"70,058.000000000",0.118249493,0.484825126,0.039401815,0.284204035,0.057902387,0.000000000,0.000000000,0.015417144
Blyth and Ashington,"75,298.000000000",0.115638790,0.533677753,0.028500700,0.266623614,0.055559143,0.000000000,0.000000000,0.000000000
Bognor Regis and Littlehampton,"76,860.000000000",0.282121344,0.359663831,0.071932766,0.217640605,0.046947774,0.000000000,0.000000000,0.021693680
Bolsover,"74,427.000000000",0.158735627,0.457926015,0.022694974,0.327053098,0.033590285,0.000000000,0.000000000,0.000000000
Bolton North East,"77,252.000000000",0.207816022,0.435821523,0.059747106,0.214921496,0.065190816,0.000000000,0.000000000,0.016503037
Bolton South and Walkden,"76,112.000000000",0.154897544,0.398236798,0.018823377,0.243252610,0.140839579,0.000000000,0.000000000,0.043950093
Bolton West,"72,183.000000000",0.205007952,0.512356755,0.035357449,0.195628237,0.032625097,0.000000000,0.000000000,0.019024510
Bootle,"74,832.000000000",0.053129390,0.747531512,0.018540871,0.112531413,0.068266814,0.000000000,0.000000000,0.000000000
Boston and Skegness,"75,021.000000000",0.264899783,0.270010177,0.034887837,0.358922172,0.018981461,0.000000000,0.000000000,0.052298571
Bournemouth East,"74,219.000000000",0.238004761,0.474589719,0.052678832,0.161920073,0.065832881,0.000000000,0.000000000,0.006973734
Bournemouth West,"73,342.000000000",0.245485887,0.454234001,0.062702004,0.161452273,0.068325792,0.000000000,0.000000000,0.007800043
Bracknell,"69,872.000000000",0.322024750,0.426380920,0.059774895,0.154894944,0.034285600,0.000000000,0.000000000,0.002638892
Bradford East,"71,646.000000000",0.133926723,0.513190276,0.048759171,0.110605120,0.069389820,0.000000000,0.000000000,0.124128890
Bradford South,"70,607.000000000",0.131200834,0.516266720,0.027396580,0.224185423,0.069955580,0.000000000,0.000000000,0.030994863
Bradford West,"70,695.000000000",0.105396329,0.636909417,0.025647513,0.084234255,0.083429176,0.000000000,0.000000000,0.064383310
Braintree,"76,023.000000000",0.387688404,0.291544909,0.056501846,0.192017841,0.055482928,0.000000000,0.000000000,0.016764073
Brent East,"74,720.000000000",0.105690689,0.639551986,0.039257835,0.109808802,0.078108383,0.000000000,0.000000000,0.027582306
Brent West,"79,036.000000000",0.266200421,0.434244632,0.056389690,0.126889030,0.116276226,0.000000000,0.000000000,0.000000000
Brentford and Isleworth,"75,746.000000000",0.137594949,0.509637960,0.092335010,0.164861399,0.081878268,0.000000000,0.000000000,0.013692414
Brentwood and Ongar,"75,078.000000000",0.346711284,0.362379222,0.128623349,0.124390568,0.030781846,0.000000000,0.000000000,0.007113731
Bridgwater,"71,290.000000000",0.248615075,0.347910022,0.110479268,0.247964579,0.038211348,0.000000000,0.000000000,0.006819708
Bridlington and the Wolds,"72,681.000000000",0.284777273,0.271811133,0.058380210,0.282887735,0.056099733,0.000000000,0.000000000,0.046043915
Brigg and Immingham,"71,838.000000000",0.351314181,0.376629992,0.036216381,0.157294214,0.078545232,0.000000000,0.000000000,0.000000000
Brighton Kemptown and Peacehaven,"70,996.000000000",0.233817648,0.603022447,0.042603645,0.000000000,0.112115914,0.000000000,0.000000000,0.008440345
Brighton Pavilion,"77,893.000000000",0.075201119,0.377487966,0.034560869,0.044371159,0.456103533,0.000000000,0.000000000,0.012275354
Bristol Central,"69,801.000000000",0.032958013,0.456316694,0.014512057,0.014357179,0.473632041,0.000000000,0.000000000,0.008224015
Bristol East,"75,476.000000000",0.185218183,0.551218865,0.063293779,0.000000000,0.169825985,0.000000000,0.000000000,0.030443189
Bristol North East,"69,495.000000000",0.115962972,0.577155064,0.037048672,0.172090978,0.088590098,0.000000000,0.000000000,0.009152216
Bristol North West,"76,243.000000000",0.144858880,0.566966149,0.056575007,0.118486251,0.098774843,0.000000000,0.000000000,0.014338869
Bristol South,"74,269.000000000",0.122508170,0.512622549,0.062540850,0.127103758,0.152839052,0.000000000,0.000000000,0.022385621
Broadland and Fakenham,"72,907.000000000",0.226560722,0.264659031,0.106936964,0.319369643,0.082473640,0.000000000,0.000000000,0.000000000
Bromley and Biggin Hill,"70,212.000000000",0.257474816,0.430027692,0.065176386,0.195208091,0.042320504,0.000000000,0.000000000,0.009792511
Bromsgrove,"75,078.000000000",0.280316689,0.377616211,0.073881007,0.193815160,0.050736850,0.000000000,0.023634083,0.000000000
Broxbourne,"75,559.000000000",0.373333333,0.247512356,0.095551895,0.226029654,0.045052169,0.000000000,0.000000000,0.012520593
Broxtowe,"71,567.000000000",0.203681602,0.516112066,0.029796703,0.197147770,0.046505512,0.000000000,0.000000000,0.006756347
Buckingham and Bletchley,"73,799.000000000",0.215276813,0.453143300,0.062846140,0.197848224,0.063461500,0.000000000,0.000000000,0.007424023
Buckinghamshire Mid,"72,601.000000000",0.259257528,0.219281840,0.256639237,0.131428839,0.129792407,0.000000000,0.000000000,0.003600150
Burnley,"74,722.000000000",0.180029068,0.432417622,0.059850849,0.265993186,0.047032475,0.000000000,0.000000000,0.014676801
Burton and Uttoxeter,"75,038.000000000",0.256571668,0.289096181,0.032390981,0.359887070,0.062054099,0.000000000,0.000000000,0.000000000
Bury North,"77,499.000000000",0.203285820,0.549054259,0.025245660,0.173903756,0.040723191,0.000000000,0.000000000,0.007787315
Bury South,"75,131.000000000",0.138091449,0.546203913,0.027014344,0.216114750,0.055885413,0.000000000,0.000000000,0.016690131
Bury St Edmunds and Stowmarket,"76,811.000000000",0.225182261,0.394855657,0.055626136,0.188691046,0.126067666,0.000000000,0.000000000,0.009577234
Calder Valley,"76,434.000000000",0.171626018,0.556139609,0.030160451,0.169438880,0.061423662,0.000000000,0.000000000,0.011211380
Camborne and Redruth,"73,101.000000000",0.186061484,0.445396749,0.063033156,0.224871238,0.069068888,0.000000000,0.000000000,0.011568485
Cambridge,"73,882.000000000",0.144734250,0.265021079,0.468303061,0.000000000,0.104999803,0.000000000,0.000000000,0.016941807
Cambridgeshire North East,"70,565.000000000",0.342480172,0.311906394,0.057084108,0.238788799,0.036644473,0.000000000,0.000000000,0.013096054
Cambridgeshire North West,"72,889.000000000",0.253125528,0.389487244,0.084558202,0.215344653,0.057484372,0.000000000,0.000000000,0.000000000
Cambridgeshire South,"75,311.000000000",0.170034398,0.088673016,0.607332377,0.102380170,0.026982179,0.000000000,0.000000000,0.004597860
Cannock Chase,"74,815.000000000",0.207990706,0.281178105,0.014783262,0.413020205,0.083027721,0.000000000,0.000000000,0.000000000
Canterbury,"75,633.000000000",0.175766247,0.560490248,0.051622863,0.145605844,0.059285338,0.000000000,0.000000000,0.007229460
Carlisle,"76,811.000000000",0.219504390,0.513030261,0.026880538,0.200424008,0.032960659,0.000000000,0.000000000,0.007200144
Carshalton and Wallington,"73,133.000000000",0.215778347,0.096576818,0.524088303,0.137333821,0.021161117,0.000000000,0.000000000,0.005061593
Castle Point,"71,217.000000000",0.317822571,0.324222754,0.045917321,0.282951828,0.029085526,0.000000000,0.000000000,0.000000000
Chatham and Aylesford,"74,212.000000000",0.228810400,0.416895764,0.049555007,0.238455804,0.052187689,0.000000000,0.000000000,0.014095336
Cheadle,"74,578.000000000",0.238176276,0.126044920,0.494885269,0.109662820,0.021955005,0.000000000,0.000000000,0.009275709
Chelmsford,"76,077.000000000",0.270111232,0.137684234,0.436682592,0.128959067,0.021490103,0.000000000,0.000000000,0.005072771
Chelsea and Fulham,"78,943.000000000",0.257101238,0.499168954,0.081218369,0.112088446,0.046613256,0.000000000,0.000000000,0.003809737
Cheltenham,"76,294.000000000",0.248608879,0.056321353,0.671238901,0.000000000,0.021852008,0.000000000,0.000000000,0.001978858
Chesham and Amersham,"73,642.000000000",0.345825337,0.064006580,0.443490731,0.101292785,0.032836325,0.000000000,0.000000000,0.012548242
Cheshire Mid,"69,411.000000000",0.179766206,0.511370882,0.036365569,0.212391073,0.047672689,0.000000000,0.000000000,0.012433581
Chester North and Neston,"73,078.000000000",0.133488773,0.598985070,0.029468239,0.181805713,0.056252204,0.000000000,0.000000000,0.000000000
Chester South and Eddisbury,"71,875.000000000",0.249965453,0.424735959,0.077425723,0.185016287,0.053124075,0.000000000,0.000000000,0.009732504
Chesterfield,"71,033.000000000",0.121394961,0.484454150,0.039872121,0.298151609,0.042686359,0.000000000,0.000000000,0.013440800
Chichester,"76,286.000000000",0.231036792,0.075499423,0.328615007,0.280402515,0.072765150,0.000000000,0.000000000,0.011681113
Chingford and Woodford Green,"75,340.000000000",0.430616446,0.262418512,0.032080363,0.060405627,0.036864778,0.000000000,0.177614273,0.000000000
Chippenham,"71,341.000000000",0.247660907,0.101184637,0.481079756,0.137534898,0.025711160,0.000000000,0.000000000,0.006828643
Chipping Barnet,"77,717.000000000",0.240234266,0.541005857,0.039713675,0.127712187,0.048396393,0.000000000,0.000000000,0.002937622
Chorley,"74,743.000000000",0.000000000,0.789894746,0.000000000,0.000000000,0.182015241,0.000000000,0.000000000,0.028090013
Christchurch,"71,673.000000000",0.327332476,0.219745678,0.134138210,0.235867029,0.023765300,0.000000000,0.000000000,0.059151307
Cities of London and Westminster,"74,448.000000000",0.204824742,0.470041237,0.108804124,0.135072165,0.069752577,0.000000000,0.000000000,0.011505155
Clacton,"76,574.000000000",0.214700476,0.184622776,0.034881778,0.499853789,0.045367199,0.000000000,0.000000000,0.020573983
Clapham and Brixton Hill,"79,342.000000000",0.084764027,0.670331677,0.061586791,0.069129895,0.097220193,0.000000000,0.000000000,0.016967417
Colchester,"75,677.000000000",0.185594013,0.458850431,0.083172227,0.192433219,0.071572602,0.000000000,0.000000000,0.008377508
Colne Valley,"71,047.000000000",0.209321068,0.543126155,0.033101388,0.155580454,0.050654558,0.000000000,0.000000000,0.008216378
Congleton,"69,884.000000000",0.250920068,0.367820370,0.032832982,0.268018856,0.037236902,0.000000000,0.000000000,0.043170822
Corby and East Northamptonshire,"76,933.000000000",0.213670128,0.511238220,0.032841321,0.207815889,0.030038964,0.000000000,0.000000000,0.004395478
Cornwall North,"74,608.000000000",0.224781649,0.086956522,0.474191381,0.186889337,0.020673769,0.000000000,0.000000000,0.006507342
Cornwall South East,"71,359.000000000",0.273898595,0.340217325,0.123381786,0.215755030,0.041120466,0.000000000,0.000000000,0.005626797
Cotswolds North,"70,809.000000000",0.278733919,0.160048459,0.149587524,0.306809223,0.098455858,0.000000000,0.000000000,0.006365017
Cotswolds South,"72,683.000000000",0.253771795,0.093847683,0.484777306,0.133435721,0.028385581,0.000000000,0.000000000,0.005781913
Coventry East,"74,310.000000000",0.103077876,0.566549611,0.022286488,0.230140696,0.064633111,0.000000000,0.000000000,0.013312217
Coventry North West,"75,247.000000000",0.148087360,0.569327731,0.028011204,0.166951155,0.077818627,0.000000000,0.000000000,0.009803922
Coventry South,"72,674.000000000",0.147436596,0.590575049,0.028305384,0.152648451,0.071984648,0.000000000,0.000000000,0.009049872
Cramlington and Killingworth,"73,124.000000000",0.147372872,0.490199810,0.040363675,0.251358495,0.058991437,0.000000000,0.000000000,0.011713712
Crawley,"74,206.000000000",0.167488600,0.530012587,0.025916679,0.201349483,0.066504344,0.000000000,0.000000000,0.008728308
Crewe and Nantwich,"76,322.000000000",0.169126462,0.514513118,0.020556156,0.238282401,0.049680652,0.000000000,0.000000000,0.007841211
Croydon East,"75,259.000000000",0.213738275,0.375276443,0.085392359,0.283382902,0.042210021,0.000000000,0.000000000,0.000000000
Croydon South,"71,305.000000000",0.275544775,0.452298378,0.065232644,0.149830604,0.051741074,0.000000000,0.000000000,0.005352525
Croydon West,"70,732.000000000",0.098228136,0.627078281,0.042537851,0.124074195,0.092285508,0.000000000,0.000000000,0.015796028
Dagenham and Rainham,"73,233.000000000",0.130925211,0.500548631,0.028199614,0.275149228,0.053634129,0.000000000,0.000000000,0.011543188
Darlington,"70,099.000000000",0.191996565,0.531656725,0.023341468,0.198933478,0.054071764,0.000000000,0.000000000,0.000000000
Dartford,"71,324.000000000",0.249983633,0.448530214,0.046330445,0.208126923,0.047028785,0.000000000,0.000000000,0.000000000
Daventry,"76,041.000000000",0.205731796,0.326618379,0.079186545,0.310652227,0.077811053,0.000000000,0.000000000,0.000000000
Derby North,"73,198.000000000",0.197170290,0.512287455,0.038934946,0.212608916,0.038998393,0.000000000,0.000000000,0.000000000
Derby South,"73,061.000000000",0.114468267,0.473059011,0.028842044,0.299061846,0.041598236,0.000000000,0.000000000,0.042970596
Derbyshire Dales,"71,145.000000000",0.268909034,0.405007392,0.077153529,0.198467045,0.043732005,0.000000000,0.000000000,0.006730994
Derbyshire Mid,"70,483.000000000",0.220894632,0.434811133,0.053896620,0.223797217,0.054015905,0.000000000,0.000000000,0.012584493
Derbyshire North East,"72,212.000000000",0.361435035,0.322118142,0.038063680,0.221882368,0.051955224,0.000000000,0.000000000,0.004545551
Derbyshire South,"70,152.000000000",0.226739888,0.449994720,0.031133171,0.253923329,0.034322526,0.000000000,0.000000000,0.003886366
Devon Central,"73,137.000000000",0.280263687,0.378322442,0.121763793,0.164727977,0.049556369,0.000000000,0.000000000,0.005365732
Devon North,"75,860.000000000",0.240478308,0.084366072,0.468809718,0.178703196,0.021474656,0.000000000,0.000000000,0.006168051
Devon South,"72,090.000000000",0.362841507,0.068579247,0.280495105,0.209136774,0.075462824,0.000000000,0.000000000,0.003484544
Devon South West,"75,337.000000000",0.242953830,0.371359086,0.098014818,0.215070792,0.059480044,0.000000000,0.000000000,0.013121430
Dewsbury and Batley,"69,626.000000000",0.231200251,0.383692920,0.068731672,0.176110180,0.103869920,0.000000000,0.000000000,0.036395057
Didcot and Wantage,"73,642.000000000",0.229764622,0.139654979,0.463439734,0.126071175,0.036242188,0.000000000,0.000000000,0.004827302
Doncaster Central,"75,156.000000000",0.131493031,0.469367077,0.026388670,0.307004706,0.054240875,0.000000000,0.000000000,0.011505640
Doncaster East and the Isle of Axholme,"70,027.000000000",0.208607444,0.458825965,0.022105166,0.259143396,0.045406450,0.000000000,0.000000000,0.005911579
Doncaster North,"71,752.000000000",0.324599320,0.491549296,0.048955804,0.000000000,0.100437105,0.000000000,0.000000000,0.034458475
Dorking and Horley,"70,013.000000000",0.214660963,0.091898383,0.516116927,0.140080303,0.037243424,0.000000000,0.000000000,0.000000000
Dorset Mid and Poole North,"74,424.000000000",0.548903730,0.071205497,0.338586460,0.000000000,0.029789074,0.000000000,0.000000000,0.011515239
Dorset North,"72,596.000000000",0.312432945,0.156639432,0.306263927,0.156536271,0.063237600,0.000000000,0.000000000,0.004889824
Dorset South,"77,420.000000000",0.275982829,0.352745142,0.108167646,0.202007079,0.053434252,0.000000000,0.000000000,0.007663052
Dorset West,"76,136.000000000",0.357323854,0.100390652,0.503149856,0.000000000,0.035809812,0.000000000,0.000000000,0.003325825
Dover and Deal,"76,985.000000000",0.195843816,0.471978446,0.032231225,0.248638048,0.045662553,0.000000000,0.000000000,0.005645912
Droitwich and Evesham,"73,836.000000000",0.334959141,0.213430026,0.208360074,0.171715227,0.064304967,0.000000000,0.000000000,0.007230565
Dudley,"71,755.000000000",0.236809317,0.464668040,0.024664988,0.220942355,0.040481094,0.000000000,0.000000000,0.012434206
Dulwich and West Norwood,"74,932.000000000",0.070904462,0.683681491,0.030791405,0.069201108,0.130016472,0.000000000,0.000000000,0.015405061
Dunstable and Leighton Buzzard,"74,095.000000000",0.398265931,0.260904077,0.153929131,0.118453992,0.062564875,0.000000000,0.000000000,0.005881994
Durham North,"72,859.000000000",0.135613080,0.443921279,0.045305618,0.260637490,0.073361252,0.000000000,0.000000000,0.041161282
"Durham, City of","72,653.000000000",0.154946340,0.480749154,0.094354199,0.153088069,0.088967303,0.000000000,0.000000000,0.027894935
Ealing Central and Acton,"76,249.000000000",0.143465425,0.575413497,0.074770069,0.093770107,0.092161538,0.000000000,0.000000000,0.020419363
Ealing North,"73,069.000000000",0.126375622,0.594632135,0.037673355,0.140436353,0.084086587,0.000000000,0.000000000,0.016795948
Ealing Southall,"75,523.000000000",0.102821166,0.624987468,0.039560484,0.122190364,0.094419826,0.000000000,0.000000000,0.016020693
Earley and Woodley,"70,472.000000000",0.343036805,0.426972838,0.147078914,0.000000000,0.076422372,0.000000000,0.000000000,0.006489071
Easington,"69,856.000000000",0.100864768,0.475771582,0.028577108,0.295537001,0.063565429,0.000000000,0.000000000,0.035684111
East Grinstead and Uckfield,"72,092.000000000",0.557755993,0.172708731,0.116389236,0.000000000,0.098822291,0.000000000,0.000000000,0.054323749
East Ham,"70,899.000000000",0.109562293,0.545479199,0.073656235,0.097006021,0.128844172,0.000000000,0.000000000,0.045452080
Eastbourne,"73,000.000000000",0.239750808,0.058622091,0.564416584,0.120629946,0.013833266,0.000000000,0.000000000,0.002747306
Eastleigh,"69,813.000000000",0.191737268,0.086756752,0.534305267,0.149803222,0.028537640,0.000000000,0.000000000,0.008859851
Edmonton and Winchmore Hill,"75,656.000000000",0.135654162,0.581606568,0.043749351,0.128941079,0.086916762,0.000000000,0.000000000,0.023132079
Ellesmere Port and Bromborough,"71,097.000000000",0.123562253,0.580177987,0.039165477,0.148749055,0.087524137,0.000000000,0.000000000,0.020821090
Eltham and Chislehurst,"74,030.000000000",0.097657472,0.517398745,0.062418343,0.274994019,0.042066135,0.000000000,0.000000000,0.005465285
Ely and East Cambridgeshire,"76,033.000000000",0.304083740,0.237480089,0.238267780,0.174709867,0.042325264,0.000000000,0.000000000,0.003133260
Enfield North,"77,308.000000000",0.134091111,0.465744605,0.066934553,0.198450404,0.120326792,0.000000000,0.000000000,0.014452535
Epping Forest,"74,303.000000000",0.453801653,0.313305785,0.098574380,0.000000000,0.098491736,0.000000000,0.000000000,0.035826446
Epsom and Ewell,"77,463.000000000",0.203807018,0.142526316,0.367421053,0.205964912,0.046842105,0.000000000,0.000000000,0.033438596
Erewash,"72,525.000000000",0.206388460,0.498238022,0.018547141,0.246450283,0.026336940,0.000000000,0.000000000,0.004039155
Erith and Thamesmead,"73,353.000000000",0.104028006,0.585400640,0.032241335,0.187764716,0.076065347,0.000000000,0.000000000,0.014499957
Esher and Walton,"72,783.000000000",0.212625823,0.068952050,0.557865398,0.129649026,0.021214650,0.000000000,0.000000000,0.009693053
Essex North West,"76,643.000000000",0.306123620,0.307041876,0.140110573,0.169686071,0.060757944,0.000000000,0.000000000,0.016279915
Exeter,"72,928.000000000",0.123051747,0.526152986,0.046358938,0.141491548,0.151729230,0.000000000,0.000000000,0.011215550
Exmouth and Exeter East,"74,902.000000000",0.324048238,0.119981083,0.313833057,0.139134547,0.095696382,0.000000000,0.006951998,0.000354694
Fareham and Waterlooville,"76,845.000000000",0.232917379,0.248243843,0.197138370,0.287906246,0.031118935,0.000000000,0.000000000,0.002675227
Farnham and Bordon,"72,663.000000000",0.236555751,0.107794976,0.424747428,0.187913616,0.024654741,0.000000000,0.000000000,0.018333488
Faversham and Kent Mid,"71,738.000000000",0.292218129,0.356642562,0.086914995,0.202483286,0.048756083,0.000000000,0.000000000,0.012984946
Feltham and Heston,"74,250.000000000",0.150957024,0.441469329,0.046097095,0.239591395,0.111773203,0.000000000,0.000000000,0.010111954
Filton and Bradley Stoke,"73,358.000000000",0.205920355,0.533005496,0.043737345,0.158981776,0.058355028,0.000000000,0.000000000,0.000000000
Finchley and Golders Green,"77,742.000000000",0.433763787,0.245868823,0.105605056,0.117517761,0.092593319,0.000000000,0.000000000,0.004651254
Folkestone and Hythe,"69,793.000000000",0.243872263,0.416102526,0.056655306,0.224800411,0.053737336,0.000000000,0.000000000,0.004832158
Forest of Dean,"71,437.000000000",0.305655247,0.271107486,0.079064709,0.174370129,0.164400943,0.000000000,0.000000000,0.005401486
Frome and East Somerset,"70,040.000000000",0.184729163,0.161543074,0.399180492,0.172876274,0.071297222,0.000000000,0.000000000,0.010373776
Fylde,"74,016.000000000",0.270118515,0.384012929,0.050285927,0.208706282,0.045292558,0.000000000,0.000000000,0.041583789
Gainsborough,"74,306.000000000",0.289549138,0.325285685,0.093683773,0.230625390,0.032765427,0.000000000,0.000000000,0.028090588
Gateshead Central and Whickham,"71,243.000000000",0.128440571,0.515701264,0.060398048,0.218101585,0.063629678,0.000000000,0.000000000,0.013728855
Gedling,"76,299.000000000",0.198294947,0.545189731,0.024041636,0.185458500,0.043422535,0.000000000,0.000000000,0.003592652
Gillingham and Rainham,"73,549.000000000",0.238876645,0.449320270,0.040172824,0.224256443,0.043555109,0.000000000,0.000000000,0.003818709
Glastonbury and Somerton,"69,925.000000000",0.197119576,0.078169414,0.562004927,0.137123366,0.025582717,0.000000000,0.000000000,0.000000000
Gloucester,"76,123.000000000",0.231010771,0.455761358,0.062760841,0.190349378,0.053360626,0.000000000,0.000000000,0.006757025
Godalming and Ash,"71,232.000000000",0.257090185,0.093145379,0.479302061,0.140630528,0.023444629,0.000000000,0.000000000,0.006387218
Goole and Pocklington,"76,519.000000000",0.377988977,0.297552402,0.036713970,0.240116304,0.019854186,0.000000000,0.000000000,0.027774161
Gorton and Denton,"73,749.000000000",0.089223024,0.650659071,0.030270915,0.145039853,0.084807136,0.000000000,0.000000000,0.000000000
Gosport,"73,541.000000000",0.267525103,0.244772593,0.127040756,0.281653869,0.058121677,0.000000000,0.000000000,0.020886001
Grantham and Bourne,"72,168.000000000",0.287147295,0.355897834,0.052441971,0.239753214,0.034990077,0.000000000,0.000000000,0.029769609
Gravesham,"73,240.000000000",0.233174726,0.456897291,0.036522634,0.229038066,0.044367284,0.000000000,0.000000000,0.000000000
Great Grimsby and Cleethorpes,"77,565.000000000",0.203729437,0.450154646,0.027858712,0.277623381,0.032654982,0.000000000,0.000000000,0.007978843
Great Yarmouth,"71,956.000000000",0.276306900,0.302360443,0.027130310,0.346127861,0.039988177,0.000000000,0.000000000,0.008086310
Greenwich and Woolwich,"69,900.000000000",0.085784988,0.661513081,0.040946680,0.106004526,0.088301855,0.000000000,0.000000000,0.017448870
Guildford,"71,286.000000000",0.233156824,0.079539000,0.557963977,0.104421276,0.020026751,0.000000000,0.000000000,0.004892171
Hackney North and Stoke Newington,"80,736.000000000",0.068396358,0.681608279,0.036386566,0.059179170,0.132768309,0.000000000,0.000000000,0.021661319
Hackney South and Shoreditch,"80,391.000000000",0.059532921,0.715515149,0.032464017,0.057106054,0.116302948,0.000000000,0.000000000,0.019078911
Halesowen,"70,183.000000000",0.240446524,0.483533281,0.028949928,0.203923294,0.043146973,0.000000000,0.000000000,0.000000000
Halifax,"74,742.000000000",0.157318828,0.522307823,0.032234169,0.205976973,0.063748730,0.000000000,0.000000000,0.018413478
Hamble Valley,"76,428.000000000",0.311731644,0.219662771,0.210545098,0.196413596,0.055009367,0.000000000,0.000000000,0.006637523
Hammersmith and Chiswick,"75,119.000000000",0.141827827,0.569053227,0.072586552,0.111878699,0.090500604,0.000000000,0.000000000,0.014153091
Hampshire East,"69,715.000000000",0.336275138,0.102742699,0.297873220,0.221524089,0.034102887,0.000000000,0.000000000,0.007481967
Hampshire North East,"75,361.000000000",0.330387896,0.095828900,0.284853840,0.196057923,0.076010315,0.000000000,0.000000000,0.016861126
Hampshire North West,"75,968.000000000",0.345557008,0.305149461,0.164672493,0.151829467,0.028932538,0.000000000,0.000000000,0.003859033
Hampstead and Highgate,"77,786.000000000",0.187835611,0.274141812,0.246920800,0.062877700,0.208339979,0.000000000,0.000000000,0.019884098
"Harborough, Oadby and Wigston","74,366.000000000",0.304062554,0.411403797,0.093038109,0.145721641,0.037141696,0.000000000,0.000000000,0.008632202
Harlow,"73,339.000000000",0.381069714,0.228769277,0.058137559,0.211266409,0.108288372,0.000000000,0.000000000,0.012468669
Harpenden and Berkhamsted,"71,327.000000000",0.207723180,0.116064649,0.498210218,0.131142206,0.037169613,0.000000000,0.000000000,0.009690133
Harrogate and Knaresborough,"75,382.000000000",0.295847942,0.125668943,0.426204097,0.119966784,0.025484407,0.000000000,0.000000000,0.006827828
Harrow East,"77,127.000000000",0.229787068,0.513305829,0.040318323,0.153667169,0.056038950,0.000000000,0.000000000,0.006882662
Harrow West,"74,387.000000000",0.137555407,0.577778707,0.040269298,0.138203563,0.089194614,0.000000000,0.000000000,0.016998411
Hartlepool,"70,854.000000000",0.275099459,0.425041390,0.016827695,0.206231931,0.039684697,0.000000000,0.000000000,0.037114829
Harwich and North Essex,"75,459.000000000",0.267408659,0.399491094,0.088572927,0.194957559,0.049569761,0.000000000,0.000000000,0.000000000
Hastings and Rye,"76,846.000000000",0.215748677,0.534060956,0.038737138,0.151726966,0.055430814,0.000000000,0.000000000,0.004295449
Havant,"72,102.000000000",0.235606185,0.406728080,0.057205132,0.253495641,0.046964961,0.000000000,0.000000000,0.000000000
Hayes and Harlington,"72,327.000000000",0.101918075,0.605656697,0.022780048,0.205717072,0.063928107,0.000000000,0.000000000,0.000000000
Hazel Grove,"73,970.000000000",0.207639471,0.153029032,0.445329659,0.152050637,0.032366918,0.000000000,0.000000000,0.009584282
Hemel Hempstead,"70,036.000000000",0.224984437,0.424652418,0.091637269,0.212927993,0.045797883,0.000000000,0.000000000,0.000000000
Hendon,"72,939.000000000",0.188765320,0.546071857,0.042403347,0.144112515,0.071330965,0.000000000,0.000000000,0.007315996
Henley and Thame,"70,107.000000000",0.209985316,0.105326392,0.488395599,0.128897534,0.058203177,0.000000000,0.000000000,0.009191983
Hereford and South Herefordshire,"71,233.000000000",0.282750911,0.359970189,0.110032295,0.189363200,0.049581815,0.000000000,0.000000000,0.008301590
Herefordshire North,"71,099.000000000",0.268349676,0.117970780,0.065449542,0.175099910,0.364787840,0.000000000,0.000000000,0.008342251
Herne Bay and Sandwich,"75,704.000000000",0.432754045,0.213295095,0.064078418,0.212203578,0.077668864,0.000000000,0.000000000,0.000000000
Hertford and Stortford,"74,993.000000000",0.275557271,0.433774004,0.080671620,0.141542025,0.063128438,0.000000000,0.000000000,0.005326643
Hertfordshire North East,"76,123.000000000",0.242444018,0.422668879,0.088210617,0.192083232,0.054593254,0.000000000,0.000000000,0.000000000
Hertfordshire South West,"71,163.000000000",0.276611470,0.367576853,0.120068713,0.182010667,0.044843497,0.000000000,0.000000000,0.008888800
Hertsmere,"73,133.000000000",0.338290974,0.370944462,0.076310009,0.166572534,0.041146324,0.000000000,0.000000000,0.006735697
Hexham,"72,603.000000000",0.355509639,0.504239683,0.058419914,0.000000000,0.073370889,0.000000000,0.000000000,0.008459874
Heywood and Middleton North,"72,636.000000000",0.133715638,0.502116330,0.050040961,0.297606044,0.000000000,0.000000000,0.000000000,0.016521027
High Peak,"74,264.000000000",0.205213426,0.547796178,0.027477730,0.179011034,0.040501633,0.000000000,0.000000000,0.000000000
Hinckley and Bosworth,"75,165.000000000",0.276873702,0.154143855,0.353464225,0.189258071,0.019275061,0.000000000,0.000000000,0.006985086
Hitchin,"71,857.000000000",0.222246140,0.459697462,0.094342576,0.169703137,0.048981429,0.000000000,0.000000000,0.005029256
Holborn and St Pancras,"72,190.000000000",0.077485471,0.688829178,0.039492595,0.073569539,0.098210752,0.000000000,0.000000000,0.022412464
Honiton and Sidmouth,"74,523.000000000",0.221213110,0.128223344,0.381655498,0.224573261,0.031374206,0.000000000,0.000000000,0.012960581
Hornchurch and Upminster,"76,844.000000000",0.357367089,0.274167089,0.027058228,0.242106329,0.054865823,0.000000000,0.000000000,0.044435443
Hornsey and Friern Barnet,"69,277.000000000",0.112635675,0.356952693,0.331660864,0.068625845,0.103993447,0.000000000,0.000000000,0.026131477
Horsham,"76,767.000000000",0.292056990,0.137756011,0.410471950,0.128423865,0.026803206,0.000000000,0.000000000,0.004487979
Houghton and Sunderland South,"76,748.000000000",0.132034387,0.478463039,0.044593644,0.273686121,0.071222809,0.000000000,0.000000000,0.000000000
Hove and Portslade,"74,313.000000000",0.110427521,0.616616783,0.034678343,0.111166537,0.113161882,0.000000000,0.000000000,0.013948934
Huddersfield,"75,495.000000000",0.148576402,0.555617721,0.039910481,0.165319740,0.090575656,0.000000000,0.000000000,0.000000000
Hull East,"73,112.000000000",0.128667267,0.396014819,0.086837889,0.318388906,0.070091118,0.000000000,0.000000000,0.000000000
Huntingdon,"75,121.000000000",0.260785274,0.257071140,0.082710910,0.313415779,0.061201584,0.000000000,0.000000000,0.024815314
Hyndburn,"70,839.000000000",0.211511907,0.496741685,0.028367935,0.216914169,0.046464304,0.000000000,0.000000000,0.000000000
Ilford North,"74,670.000000000",0.186944870,0.455130168,0.029115620,0.230149311,0.083441807,0.000000000,0.015218224,0.000000000
Ilford South,"74,166.000000000",0.108730607,0.609947416,0.032788666,0.129307722,0.088566338,0.000000000,0.000000000,0.030659250
Ipswich,"75,526.000000000",0.165450171,0.552540369,0.022263905,0.202413962,0.052499592,0.000000000,0.000000000,0.004832001
Isle of Wight East,"57,470.000000000",0.225598701,0.381680422,0.037856853,0.256338790,0.071275876,0.000000000,0.000000000,0.027249357
Isle of Wight West,"55,555.000000000",0.226541782,0.392174011,0.040822660,0.228178074,0.092111945,0.000000000,0.000000000,0.020171529
Islington North,"75,162.000000000",0.122193635,0.334037796,0.032650311,0.041747067,0.084642715,0.000000000,0.365493583,0.019234892
Islington South and Finsbury,"77,383.000000000",0.081818353,0.665206520,0.055178508,0.081611551,0.094828072,0.000000000,0.000000000,0.021356996
Jarrow and Gateshead East,"71,050.000000000",0.111422289,0.510126143,0.039439880,0.238791807,0.068742044,0.000000000,0.000000000,0.031477838
Keighley and Ilkley,"72,788.000000000",0.443334269,0.317485265,0.029843765,0.137580690,0.065674993,0.000000000,0.000000000,0.006081018
Kenilworth and Southam,"70,364.000000000",0.306972305,0.176417401,0.249974884,0.226080841,0.037473628,0.000000000,0.000000000,0.003080942
Kensington and Bayswater,"79,095.000000000",0.217742563,0.518007320,0.084060115,0.121865753,0.050868245,0.000000000,0.007086124,0.000369880
Kettering,"76,557.000000000",0.242221062,0.433271771,0.055426185,0.211245835,0.050588188,0.000000000,0.000000000,0.007246959
Kingston and Surbiton,"75,437.000000000",0.103836565,0.051399602,0.630398046,0.167734703,0.039670721,0.000000000,0.000000000,0.006960363
Kingston upon Hull North and Cottingham,"76,620.000000000",0.124538163,0.469518789,0.064792286,0.268248175,0.055961071,0.000000000,0.000000000,0.016941516
Kingston upon Hull West and Haltemprice,"74,518.000000000",0.186367519,0.406051886,0.076795108,0.270491435,0.050065195,0.000000000,0.000000000,0.010228857
Kingswinford and South Staffordshire,"71,981.000000000",0.365169815,0.323533418,0.051943335,0.192063204,0.049287141,0.000000000,0.000000000,0.018003088
Knowsley,"70,836.000000000",0.059534117,0.697093383,0.024201196,0.108596166,0.083323026,0.000000000,0.000000000,0.027252113
Lancashire West,"73,347.000000000",0.126745580,0.590151251,0.027774554,0.200398437,0.054930177,0.000000000,0.000000000,0.000000000
Lancaster and Wyre,"75,065.000000000",0.185561150,0.501969303,0.046430892,0.153869579,0.112169076,0.000000000,0.000000000,0.000000000
Leeds Central and Headingley,"75,218.000000000",0.086017801,0.656062781,0.043697962,0.085137334,0.104660733,0.000000000,0.000000000,0.024423390
Leeds East,"74,719.000000000",0.155235676,0.423249063,0.015382444,0.309604451,0.042397484,0.000000000,0.000000000,0.054130882
Leeds North East,"70,545.000000000",0.113625077,0.639558213,0.039868100,0.094495540,0.085159214,0.000000000,0.000000000,0.027293856
Leeds North West,"71,302.000000000",0.205030562,0.517897944,0.073974261,0.136153260,0.057843654,0.000000000,0.000000000,0.009100318
Leeds South,"74,574.000000000",0.213967930,0.589929558,0.042404301,0.000000000,0.116878302,0.000000000,0.000000000,0.036819909
Leeds South West and Morley,"70,921.000000000",0.143989885,0.527162849,0.023016094,0.223496132,0.057347363,0.000000000,0.000000000,0.024987678
Leeds West and Pudsey,"69,837.000000000",0.137432421,0.558933322,0.032652536,0.192160817,0.064961812,0.000000000,0.000000000,0.013859092
Leicester East,"76,155.000000000",0.134992840,0.478898155,0.037022997,0.150240081,0.076088788,0.000000000,0.121619914,0.001137225
Leicester South,"71,620.000000000",0.120868344,0.362315287,0.047718813,0.202286759,0.161276662,0.000000000,0.000000000,0.105534134
Leicester West,"73,309.000000000",0.093916777,0.409692261,0.022308557,0.367692465,0.093814538,0.000000000,0.000000000,0.012575401
Leicestershire Mid,"75,557.000000000",0.245302450,0.411557818,0.065114743,0.216582788,0.061442201,0.000000000,0.000000000,0.000000000
Leicestershire North West,"74,791.000000000",0.204350394,0.444586614,0.041870079,0.242145669,0.056023622,0.000000000,0.000000000,0.011023622
Leicestershire South,"75,166.000000000",0.369491959,0.347715736,0.148914388,0.110032846,0.023845071,0.000000000,0.000000000,0.000000000
Leigh and Atherton,"76,369.000000000",0.124665685,0.520494267,0.022204715,0.279165716,0.042667883,0.000000000,0.000000000,0.010801733
Lewes,"74,728.000000000",0.238220331,0.068726297,0.556396263,0.101415225,0.031393951,0.000000000,0.000000000,0.003847933
Lewisham East,"69,956.000000000",0.076823311,0.678332108,0.034477541,0.114694566,0.077796031,0.000000000,0.000000000,0.017876443
Lewisham North,"75,020.000000000",0.061123853,0.723757645,0.034384557,0.066781346,0.098260703,0.000000000,0.000000000,0.015691896
Lewisham West and East Dulwich,"70,348.000000000",0.073162331,0.692864089,0.039731745,0.078592268,0.101203501,0.000000000,0.000000000,0.014446065
Leyton and Wanstead,"71,085.000000000",0.104570878,0.636460489,0.045954640,0.097338606,0.095187363,0.000000000,0.000000000,0.020488025
Lichfield,"74,665.000000000",0.321051973,0.396886592,0.056724878,0.177718501,0.039657400,0.000000000,0.000000000,0.007960655
Lincoln,"74,943.000000000",0.198793732,0.515228630,0.033663287,0.205225825,0.042119184,0.000000000,0.000000000,0.004969342
Liverpool Garston,"70,128.000000000",0.098530598,0.638373626,0.049530854,0.090859020,0.070263784,0.000000000,0.000000000,0.052442119
Liverpool Riverside,"70,301.000000000",0.050971461,0.737423412,0.021061754,0.069493712,0.094727507,0.000000000,0.000000000,0.026322154
Liverpool Walton,"70,861.000000000",0.055341161,0.733024058,0.018145989,0.101198785,0.065276295,0.000000000,0.000000000,0.027013712
Liverpool Wavertree,"71,135.000000000",0.079812391,0.659399101,0.045214593,0.062739172,0.115528779,0.000000000,0.000000000,0.037305964
Liverpool West Derby,"70,379.000000000",0.058754600,0.712168246,0.019900088,0.108669284,0.067450610,0.000000000,0.000000000,0.033057172
Loughborough,"73,617.000000000",0.198974948,0.563165394,0.023825543,0.163315787,0.050718328,0.000000000,0.000000000,0.000000000
Louth and Horncastle,"76,035.000000000",0.250727856,0.310856156,0.042635085,0.345669874,0.024401678,0.000000000,0.000000000,0.025709351
Lowestoft,"75,537.000000000",0.234974284,0.453091214,0.039256849,0.210265561,0.062412092,0.000000000,0.000000000,0.000000000
Luton North,"73,355.000000000",0.147263659,0.548728433,0.044976636,0.164045651,0.068296190,0.000000000,0.000000000,0.026689432
Luton South and South Bedfordshire,"69,998.000000000",0.225293190,0.415700798,0.115995702,0.148755229,0.061518414,0.000000000,0.000000000,0.032736666
Macclesfield,"76,216.000000000",0.239506173,0.502792023,0.031832858,0.173941121,0.045944919,0.000000000,0.000000000,0.005982906
Maidenhead,"72,602.000000000",0.366256184,0.291590359,0.241090412,0.000000000,0.091548258,0.000000000,0.000000000,0.009514788
Maidstone and Malling,"72,955.000000000",0.276256485,0.213196851,0.161855732,0.181466717,0.161915827,0.000000000,0.000000000,0.005308387
Makerfield,"76,308.000000000",0.099311030,0.507231084,0.023131194,0.311360768,0.044772723,0.000000000,0.000000000,0.014193201
Maldon,"76,755.000000000",0.361328047,0.300672834,0.091173055,0.208818935,0.038007129,0.000000000,0.000000000,0.000000000
Manchester Central,"73,790.000000000",0.089390451,0.616870139,0.028044489,0.124560108,0.086827128,0.000000000,0.000000000,0.054307686
Manchester Rusholme,"69,299.000000000",0.076081117,0.682849852,0.000000000,0.068246933,0.136896768,0.000000000,0.000000000,0.035925329
Manchester Withington,"71,167.000000000",0.077187875,0.690284635,0.050416036,0.057104078,0.097881464,0.000000000,0.000000000,0.027125912
Mansfield,"74,411.000000000",0.201332621,0.458036357,0.023100318,0.269704920,0.032154714,0.000000000,0.000000000,0.015671070
Melksham and Devizes,"71,522.000000000",0.260199005,0.105166475,0.448239571,0.157079985,0.029314964,0.000000000,0.000000000,0.000000000
Melton and Syston,"72,307.000000000",0.225969368,0.403949620,0.053699161,0.225474635,0.072499021,0.000000000,0.000000000,0.018408196
Meriden and Solihull East,"74,917.000000000",0.275448865,0.414676105,0.102665507,0.149213003,0.057996520,0.000000000,0.000000000,0.000000000
Middlesbrough and Thornaby East,"70,890.000000000",0.129002115,0.518983918,0.019967540,0.204544337,0.066050263,0.000000000,0.000000000,0.061451827
Middlesbrough South and Cleveland East,"69,287.000000000",0.358543731,0.530268131,0.033835007,0.000000000,0.058255250,0.000000000,0.000000000,0.019097882
Milton Keynes Central,"76,559.000000000",0.215076385,0.505003834,0.063309805,0.142132479,0.066789878,0.000000000,0.000000000,0.007687619
Milton Keynes North,"70,484.000000000",0.225159834,0.515835672,0.044225941,0.156563206,0.058215348,0.000000000,0.000000000,0.000000000
Mitcham and Morden,"76,805.000000000",0.111781327,0.599867738,0.045449991,0.139155528,0.087974189,0.000000000,0.000000000,0.015771227
Morecambe and Lunesdale,"76,057.000000000",0.221988727,0.462085355,0.074945500,0.196280221,0.044700198,0.000000000,0.000000000,0.000000000
New Forest East,"73,549.000000000",0.360904544,0.180343553,0.210871929,0.215938247,0.024440096,0.000000000,0.000000000,0.007501631
New Forest West,"70,868.000000000",0.398046633,0.294501079,0.097005834,0.151204291,0.049560813,0.000000000,0.000000000,0.009681349
Newark,"76,720.000000000",0.283275975,0.398297161,0.055322366,0.198591577,0.039368199,0.000000000,0.000000000,0.025144721
Newbury,"71,439.000000000",0.362447482,0.073830799,0.354892794,0.144978993,0.060358601,0.000000000,0.000000000,0.003491331
Newcastle upon Tyne Central and West,"75,872.000000000",0.111715447,0.525327368,0.042444891,0.199047658,0.081544272,0.000000000,0.000000000,0.039920365
Newcastle upon Tyne East and Wallsend,"76,871.000000000",0.097950154,0.586624117,0.047653543,0.165965111,0.081758913,0.000000000,0.000000000,0.020048163
Newcastle upon Tyne North,"76,162.000000000",0.156571010,0.496097288,0.096613795,0.134465280,0.090600729,0.000000000,0.000000000,0.025651897
Newcastle-under-Lyme,"71,555.000000000",0.172515181,0.492979653,0.030254607,0.240417599,0.063832960,0.000000000,0.000000000,0.000000000
Newton Abbot,"72,392.000000000",0.263522328,0.144124436,0.361766182,0.194139488,0.025850477,0.000000000,0.000000000,0.010597090
Newton Aycliffe and Spennymoor,"71,018.000000000",0.155564545,0.501505753,0.037553937,0.245797375,0.046476088,0.000000000,0.000000000,0.013102301
Norfolk Mid,"71,200.000000000",0.303498451,0.378811694,0.075447972,0.202519423,0.039722459,0.000000000,0.000000000,0.000000000
Norfolk North,"71,794.000000000",0.379144120,0.079509946,0.405228260,0.123409039,0.012708635,0.000000000,0.000000000,0.000000000
Norfolk North West,"75,586.000000000",0.356120695,0.303042227,0.046865616,0.268954377,0.025017085,0.000000000,0.000000000,0.000000000
Norfolk South,"69,725.000000000",0.247420167,0.428820996,0.081132689,0.182944666,0.051962298,0.000000000,0.000000000,0.007719184
Norfolk South West,"72,980.000000000",0.154198023,0.387908683,0.026349628,0.342566243,0.028078164,0.000000000,0.057863783,0.003035477
Normanton and Hemsworth,"75,392.000000000",0.120090821,0.490322146,0.030101387,0.286199222,0.073286424,0.000000000,0.000000000,0.000000000
Northampton North,"75,272.000000000",0.145262685,0.521267910,0.031085439,0.235661510,0.057986692,0.000000000,0.000000000,0.008735764
Northampton South,"71,109.000000000",0.257371632,0.439522962,0.052512286,0.209138282,0.035099983,0.000000000,0.000000000,0.006354855
Northamptonshire South,"76,174.000000000",0.264919141,0.350101197,0.096854061,0.211569826,0.053467214,0.000000000,0.000000000,0.023088562
Northumberland North,"72,484.000000000",0.276133702,0.401511603,0.082158825,0.194443262,0.038471365,0.000000000,0.000000000,0.007281243
Norwich North,"72,378.000000000",0.163984456,0.529999390,0.031230290,0.193953328,0.073121605,0.000000000,0.000000000,0.007710932
Norwich South,"77,605.000000000",0.114932421,0.536198360,0.064979258,0.100556310,0.163604733,0.000000000,0.000000000,0.019728919
Nottingham East,"75,287.000000000",0.081232076,0.659160913,0.027636750,0.113690919,0.088943176,0.000000000,0.000000000,0.029336166
Nottingham North and Kimberley,"73,973.000000000",0.111360681,0.555172006,0.022792292,0.255916775,0.054758246,0.000000000,0.000000000,0.000000000
Nottingham South,"75,840.000000000",0.109843292,0.561660304,0.035538776,0.166262417,0.090797882,0.000000000,0.000000000,0.035897328
Nuneaton,"70,225.000000000",0.236277815,0.467835469,0.038435604,0.204652731,0.052798382,0.000000000,0.000000000,0.000000000
Old Bexley and Sidcup,"73,965.000000000",0.263757927,0.409752832,0.030965798,0.252208522,0.033513735,0.000000000,0.000000000,0.009801187
Oldham East and Saddleworth,"72,120.000000000",0.172000703,0.475073636,0.048489911,0.210401372,0.048973491,0.000000000,0.000000000,0.045060887
"Oldham West, Chadderton and Royton","72,998.000000000",0.138973085,0.508352515,0.036942501,0.192780145,0.072289706,0.000000000,0.000000000,0.050662048
Orpington,"71,351.000000000",0.276070596,0.245758374,0.122879187,0.325226062,0.026596652,0.000000000,0.000000000,0.003469129
Ossett and Denby Dale,"71,264.000000000",0.168749739,0.514901977,0.028487230,0.213037663,0.061008235,0.000000000,0.000000000,0.013815157
Oxford East,"71,602.000000000",0.162357503,0.601934383,0.080978570,0.000000000,0.131613882,0.000000000,0.000000000,0.023115663
Oxford West and Abingdon,"71,526.000000000",0.127065703,0.092579813,0.519994189,0.200650129,0.054825119,0.000000000,0.000000000,0.004885047
Peckham,"71,491.000000000",0.108936714,0.529443074,0.109522204,0.068750776,0.134911201,0.000000000,0.000000000,0.048436031
Pendle and Clitheroe,"76,246.000000000",0.262946204,0.452669683,0.044464555,0.192639517,0.034167924,0.000000000,0.000000000,0.013112117
Penistone and Stocksbridge,"70,927.000000000",0.227979486,0.453016775,0.071123552,0.208303537,0.039576650,0.000000000,0.000000000,0.000000000
Penrith and Solway,"77,207.000000000",0.226752041,0.462433179,0.050069514,0.216902622,0.036910846,0.000000000,0.000000000,0.006931798
Peterborough,"71,663.000000000",0.211855329,0.474463867,0.048360263,0.212106019,0.046354748,0.000000000,0.000000000,0.006859773
Plymouth Moor View,"73,457.000000000",0.200613140,0.332303974,0.019960616,0.353853383,0.093268887,0.000000000,0.000000000,0.000000000
Plymouth Sutton and Devonport,"73,824.000000000",0.114149470,0.560239693,0.027492932,0.222496519,0.064797232,0.000000000,0.000000000,0.010824155
"Pontefract, Castleford and Knottingley","72,666.000000000",0.112900950,0.508865582,0.026008842,0.287860973,0.046750071,0.000000000,0.000000000,0.017613583
Poole,"71,928.000000000",0.318879764,0.305340893,0.098222393,0.210931983,0.055325760,0.000000000,0.000000000,0.011299207
Poplar and Limehouse,"74,951.000000000",0.107160550,0.514538318,0.045749019,0.074101597,0.082828398,0.000000000,0.000000000,0.175622118
Portsmouth North,"71,298.000000000",0.320570979,0.372305893,0.072078066,0.153430513,0.081614549,0.000000000,0.000000000,0.000000000
Portsmouth South,"74,186.000000000",0.162674071,0.492692796,0.094294139,0.168937388,0.056219195,0.000000000,0.000000000,0.025182411
Preston,"73,810.000000000",0.124184641,0.529534762,0.054614878,0.190277052,0.077410850,0.000000000,0.000000000,0.023977818
Putney,"72,934.000000000",0.153909957,0.587515914,0.064522974,0.113190078,0.067281355,0.000000000,0.000000000,0.013579723
Queen's Park and Maida Vale,"77,359.000000000",0.152542373,0.308604798,0.108043217,0.190530449,0.216391641,0.000000000,0.000000000,0.023887521
Rawmarsh and Conisbrough,"69,958.000000000",0.114286410,0.497539346,0.023485845,0.317570531,0.047117868,0.000000000,0.000000000,0.000000000
Rayleigh and Wickford,"76,201.000000000",0.300027025,0.329898207,0.023133051,0.233636609,0.113305108,0.000000000,0.000000000,0.000000000
Reading Central,"71,434.000000000",0.138294314,0.586433946,0.045714883,0.122219900,0.095255017,0.000000000,0.000000000,0.012081940
Reading West and Mid Berkshire,"69,675.000000000",0.277100719,0.408720978,0.096401719,0.162294472,0.047777411,0.000000000,0.000000000,0.007704701
Redcar,"70,725.000000000",0.216452393,0.475328593,0.030740501,0.230218583,0.038665039,0.000000000,0.000000000,0.008594891
Redditch,"69,775.000000000",0.295822814,0.432292862,0.044916227,0.182878127,0.044089970,0.000000000,0.000000000,0.000000000
Reigate,"75,944.000000000",0.277665033,0.367380150,0.116537755,0.171867820,0.066549242,0.000000000,0.000000000,0.000000000
Ribble South,"71,551.000000000",0.225118435,0.515889637,0.028221133,0.190329992,0.040440803,0.000000000,0.000000000,0.000000000
Ribble Valley,"75,219.000000000",0.283168317,0.425300394,0.056810535,0.191867730,0.038065943,0.000000000,0.000000000,0.004787081
Richmond and Northallerton,"73,217.000000000",0.341029935,0.345111995,0.093154700,0.159995813,0.045844672,0.000000000,0.000000000,0.014862885
Richmond Park,"75,915.000000000",0.132135498,0.060759911,0.586549081,0.181406083,0.034566884,0.000000000,0.000000000,0.004582543
Rochdale,"70,809.000000000",0.116130894,0.289269313,0.073164867,0.216777668,0.072010772,0.000000000,0.232646486,0.000000000
Rochester and Strood,"71,774.000000000",0.194211185,0.441709845,0.041964445,0.272043059,0.044510452,0.000000000,0.000000000,0.005561015
Romford,"73,812.000000000",0.306633183,0.394007620,0.049186006,0.197545029,0.038794596,0.000000000,0.000000000,0.013833564
Romsey and Southampton North,"73,616.000000000",0.453897871,0.145870018,0.253661758,0.107231471,0.036037298,0.000000000,0.000000000,0.003301585
Rossendale and Darwen,"74,211.000000000",0.205072643,0.512444279,0.027282483,0.222407958,0.032792637,0.000000000,0.000000000,0.000000000
Rother Valley,"69,565.000000000",0.393290002,0.253662827,0.047300341,0.260226956,0.045519875,0.000000000,0.000000000,0.000000000
Rotherham,"74,645.000000000",0.000000000,0.458955572,0.069091842,0.354069442,0.079452119,0.000000000,0.000000000,0.038431025
Rugby,"72,566.000000000",0.218783287,0.463010230,0.052676005,0.210864803,0.047490805,0.000000000,0.000000000,0.007174870
"Ruislip, Northwood and Pinner","72,003.000000000",0.433255900,0.358398142,0.039928627,0.112598054,0.055819278,0.000000000,0.000000000,0.000000000
Runcorn and Helsby,"70,451.000000000",0.127750453,0.579644490,0.029100872,0.195573389,0.055224782,0.000000000,0.000000000,0.012706014
Runnymede and Weybridge,"74,090.000000000",0.317005981,0.122907979,0.335874262,0.179286402,0.038547897,0.000000000,0.000000000,0.006377479
Rushcliffe,"75,883.000000000",0.260288971,0.487821951,0.064165844,0.136893117,0.044727632,0.000000000,0.000000000,0.006102486
Rutland and Stamford,"71,730.000000000",0.343030561,0.328186562,0.093195613,0.179256735,0.036609520,0.000000000,0.000000000,0.019721009
Salford,"71,672.000000000",0.076734712,0.642015984,0.024643263,0.153870128,0.078092652,0.000000000,0.000000000,0.024643263
Salisbury,"69,961.000000000",0.236160302,0.305814927,0.308562475,0.104943439,0.041170284,0.000000000,0.000000000,0.003348574
Scarborough and Whitby,"74,404.000000000",0.330843642,0.420558147,0.022813851,0.177652699,0.040748192,0.000000000,0.000000000,0.007383470
Scunthorpe,"73,696.000000000",0.227063864,0.478057227,0.017691847,0.242535905,0.029834181,0.000000000,0.000000000,0.004816977
Sefton Central,"74,418.000000000",0.141107927,0.589398281,0.037612225,0.149799427,0.064699140,0.000000000,0.000000000,0.017382999
Selby,"74,457.000000000",0.176993149,0.518689302,0.035440036,0.221392005,0.047485508,0.000000000,0.000000000,0.000000000
Sevenoaks,"73,255.000000000",0.319581937,0.316308420,0.131256162,0.187063696,0.040800631,0.000000000,0.000000000,0.004989154
Sheffield Brightside and Hillsborough,"70,294.000000000",0.209590253,0.590252530,0.043234745,0.000000000,0.113638597,0.000000000,0.000000000,0.043283875
Sheffield Central,"70,914.000000000",0.111106512,0.510804322,0.063066606,0.000000000,0.284762181,0.000000000,0.000000000,0.030260380
Sheffield Hallam,"76,154.000000000",0.142864633,0.571143931,0.212409333,0.000000000,0.060281395,0.000000000,0.000000000,0.013300708
Sheffield Heeley,"74,095.000000000",0.222745655,0.535794183,0.071846498,0.000000000,0.127667355,0.000000000,0.000000000,0.041946309
Sheffield South East,"75,260.000000000",0.275267895,0.567466781,0.051135877,0.000000000,0.081868838,0.000000000,0.000000000,0.024260609
Sherwood Forest,"76,676.000000000",0.202373234,0.452112925,0.037386299,0.253315259,0.043181863,0.000000000,0.000000000,0.011630420
Shipley,"74,018.000000000",0.225849459,0.545653664,0.031273808,0.126847478,0.063423739,0.000000000,0.000000000,0.006951851
Shrewsbury,"74,764.000000000",0.235722477,0.468616208,0.066303517,0.167698777,0.056804281,0.000000000,0.000000000,0.004854740
Shropshire North,"76,778.000000000",0.190043727,0.135572000,0.429700639,0.183260455,0.054060620,0.000000000,0.000000000,0.007362559
Shropshire South,"76,915.000000000",0.306008411,0.301841504,0.154636404,0.187645218,0.049868464,0.000000000,0.000000000,0.000000000
Sittingbourne and Sheppey,"76,885.000000000",0.212070242,0.370741663,0.047276234,0.293435601,0.046984682,0.000000000,0.000000000,0.029491579
Skipton and Ripon,"76,159.000000000",0.145707333,0.232258526,0.060945496,0.530991662,0.024424722,0.000000000,0.000000000,0.005672261
Sleaford and North Hykeham,"74,547.000000000",0.298257179,0.345577026,0.050162746,0.246940794,0.030241852,0.000000000,0.000000000,0.028820403
Slough,"77,608.000000000",0.154632918,0.524457133,0.058422875,0.125792384,0.104662141,0.000000000,0.000000000,0.032032550
Smethwick,"70,903.000000000",0.114253860,0.547516905,0.029472358,0.198041639,0.094670254,0.000000000,0.000000000,0.016044984
Solihull West and Shirley,"71,171.000000000",0.269209149,0.349245471,0.078998573,0.145868465,0.063518831,0.000000000,0.093159511,0.000000000
Somerset North,"73,346.000000000",0.248999471,0.446745450,0.069867100,0.167503587,0.066884392,0.000000000,0.000000000,0.000000000
Somerset North East and Hanham,"72,940.000000000",0.250484073,0.456243593,0.080090360,0.164432970,0.041952997,0.000000000,0.000000000,0.006796006
South Holland and The Deepings,"75,977.000000000",0.350636526,0.232884653,0.045426247,0.251239776,0.032459587,0.000000000,0.000000000,0.087353213
South Shields,"69,711.000000000",0.111113800,0.508979137,0.036545815,0.211747906,0.090420640,0.000000000,0.000000000,0.041192701
Southampton Itchen,"72,298.000000000",0.139143437,0.539506568,0.027021254,0.217985688,0.068781373,0.000000000,0.000000000,0.007561679
Southampton Test,"70,117.000000000",0.121309849,0.539230058,0.041564241,0.210166663,0.076069552,0.000000000,0.000000000,0.011659638
Southend East and Rochford,"70,283.000000000",0.183872800,0.441135718,0.051697899,0.255173197,0.053764906,0.000000000,0.000000000,0.014355480
Southend West and Leigh,"77,112.000000000",0.233265881,0.419969845,0.068543427,0.216680554,0.053128596,0.000000000,0.000000000,0.008411697
Southgate and Wood Green,"75,799.000000000",0.132426738,0.595786248,0.055564068,0.105918406,0.091936411,0.000000000,0.000000000,0.018368129
Southport,"73,910.000000000",0.209703304,0.510472820,0.054812559,0.176988601,0.039977779,0.000000000,0.000000000,0.008044936
Spelthorne,"70,929.000000000",0.239810427,0.359447764,0.108942922,0.220523388,0.059777457,0.000000000,0.000000000,0.011498042
Spen Valley,"71,601.000000000",0.219799435,0.467134370,0.048013315,0.188661358,0.058104749,0.000000000,0.000000000,0.018286774
St Albans,"70,565.000000000",0.118320745,0.063990866,0.568522747,0.205146671,0.039030388,0.000000000,0.000000000,0.004988582
St Austell and Newquay,"74,107.000000000",0.248173184,0.383557605,0.076905258,0.246130520,0.036009855,0.000000000,0.000000000,0.009223577
St Helens North,"75,594.000000000",0.112595301,0.514552216,0.040197769,0.217566529,0.091239587,0.000000000,0.000000000,0.023848599
St Helens South and Whiston,"70,538.000000000",0.097824892,0.585057952,0.034682971,0.146957268,0.091534892,0.000000000,0.000000000,0.043942026
St Ives,"71,343.000000000",0.192129347,0.103009965,0.425381330,0.226357535,0.029692902,0.000000000,0.000000000,0.023428920
St Neots and Mid Cambridgeshire,"74,372.000000000",0.183549524,0.149415161,0.427120042,0.174833171,0.050854765,0.000000000,0.000000000,0.014227337
Stafford,"69,680.000000000",0.254517749,0.476069880,0.034467957,0.182534232,0.048461175,0.000000000,0.000000000,0.003949006
Staffordshire Moorlands,"72,269.000000000",0.286771755,0.418318432,0.041024726,0.214777820,0.039107266,0.000000000,0.000000000,0.000000000
Stalybridge and Hyde,"73,063.000000000",0.112421564,0.554596253,0.022305684,0.242110567,0.053176384,0.000000000,0.000000000,0.015389548
Stevenage,"71,562.000000000",0.159816491,0.517031171,0.038377744,0.211308027,0.065757500,0.000000000,0.000000000,0.007709067
Stockport,"75,659.000000000",0.112355974,0.555753602,0.045706283,0.164428035,0.091688416,0.000000000,0.000000000,0.030067689
Stockton North,"69,643.000000000",0.142762801,0.522064200,0.019057053,0.270855445,0.045260501,0.000000000,0.000000000,0.000000000
Stockton West,"69,969.000000000",0.376878122,0.444461589,0.013694139,0.121144907,0.036665574,0.000000000,0.000000000,0.007155670
Stoke-on-Trent Central,"71,444.000000000",0.135556156,0.511290204,0.026315143,0.262684587,0.058183248,0.000000000,0.000000000,0.005970663
Stoke-on-Trent North,"70,840.000000000",0.169491525,0.486731235,0.022445521,0.270121065,0.045956416,0.000000000,0.000000000,0.005254237
Stoke-on-Trent South,"69,994.000000000",0.317150685,0.313123288,0.059753425,0.251863014,0.048191781,0.000000000,0.000000000,0.009917808
"Stone, Great Wyrley and Penkridge","70,181.000000000",0.417092511,0.407180617,0.066519824,0.000000000,0.077114537,0.000000000,0.000000000,0.032092511
Stourbridge,"70,361.000000000",0.318821204,0.398473223,0.030864915,0.172711772,0.079128885,0.000000000,0.000000000,0.000000000
Stratford and Bow,"73,601.000000000",0.084140586,0.630112601,0.045288955,0.081325551,0.124772313,0.000000000,0.000000000,0.034359993
Stratford-on-Avon,"72,318.000000000",0.258833196,0.266572395,0.237258986,0.180046244,0.050409891,0.000000000,0.000000000,0.006879288
Streatham and Croydon North,"78,082.000000000",0.105453502,0.606046690,0.071794872,0.098105626,0.102640643,0.000000000,0.000000000,0.015958668
Stretford and Urmston,"72,371.000000000",0.099421315,0.628154638,0.029376306,0.142420833,0.084411670,0.000000000,0.000000000,0.016215239
Stroud,"76,249.000000000",0.209512550,0.484357948,0.056620589,0.153419425,0.088650418,0.000000000,0.000000000,0.007439069
Suffolk Central and Ipswich North,"72,161.000000000",0.130564058,0.396611281,0.036663752,0.301683428,0.129208570,0.000000000,0.000000000,0.005268911
Suffolk Coastal,"73,982.000000000",0.358855328,0.317799080,0.161069914,0.103595185,0.058680493,0.000000000,0.000000000,0.000000000
Suffolk South,"72,700.000000000",0.250185874,0.285326919,0.069341789,0.295910781,0.099234638,0.000000000,0.000000000,0.000000000
Suffolk West,"77,063.000000000",0.218252133,0.373029551,0.057400479,0.254676531,0.056622809,0.000000000,0.000000000,0.040018496
Sunderland Central,"72,679.000000000",0.149469493,0.480284144,0.053932991,0.254937448,0.061375925,0.000000000,0.000000000,0.000000000
Surrey East,"72,655.000000000",0.307373914,0.322282598,0.117700139,0.204798242,0.033289523,0.000000000,0.000000000,0.014555584
Surrey Heath,"70,526.000000000",0.270791389,0.107480254,0.423571318,0.160020133,0.029464147,0.000000000,0.000000000,0.008672758
Sussex Mid,"72,208.000000000",0.232893639,0.199017909,0.443160665,0.092079081,0.029350408,0.000000000,0.000000000,0.003498299
Sussex Weald,"69,515.000000000",0.316170607,0.201426755,0.109355805,0.208905364,0.159119809,0.000000000,0.000000000,0.005021660
Sutton and Cheam,"71,645.000000000",0.295202122,0.259521561,0.234632852,0.068483295,0.122510005,0.000000000,0.000000000,0.019650164
Sutton Coldfield,"75,638.000000000",0.358522078,0.457675069,0.026824821,0.125994853,0.030983179,0.000000000,0.000000000,0.000000000
Swindon North,"72,058.000000000",0.234694092,0.480766400,0.043199361,0.188487181,0.049172398,0.000000000,0.000000000,0.003680569
Swindon South,"72,559.000000000",0.146657819,0.473435489,0.019385457,0.282858752,0.074605856,0.000000000,0.000000000,0.003056628
Tamworth,"73,523.000000000",0.205624332,0.459075525,0.039232276,0.222368187,0.049830780,0.000000000,0.000000000,0.023868899
Tatton,"75,992.000000000",0.292786929,0.434821984,0.059923398,0.178600404,0.033867286,0.000000000,0.000000000,0.000000000
Taunton and Wellington,"77,219.000000000",0.235881247,0.098352280,0.487345583,0.149444373,0.023301644,0.000000000,0.000000000,0.005674872
Telford,"70,351.000000000",0.158462848,0.507188606,0.030344426,0.254198952,0.049805169,0.000000000,0.000000000,0.000000000
Tewkesbury,"72,556.000000000",0.254222100,0.106821994,0.307116105,0.247236966,0.078950392,0.000000000,0.000000000,0.005652444
Thanet East,"74,214.000000000",0.156995582,0.487607827,0.027182832,0.249884284,0.071870398,0.000000000,0.000000000,0.006459078
Thirsk and Malton,"76,632.000000000",0.391224387,0.314388946,0.106375014,0.148397702,0.028725811,0.000000000,0.000000000,0.010888140
Thornbury and Yate,"74,719.000000000",0.290039563,0.107443769,0.462286614,0.121767162,0.018462891,0.000000000,0.000000000,0.000000000
Thurrock,"72,679.000000000",0.183842297,0.466294439,0.040337284,0.257178669,0.046923428,0.000000000,0.000000000,0.005423883
Tipton and Wednesbury,"73,716.000000000",0.244138255,0.528574784,0.010803617,0.173171018,0.039632834,0.000000000,0.000000000,0.003679493
Tiverton and Minehead,"71,003.000000000",0.197935936,0.100847045,0.493291792,0.168552234,0.039372992,0.000000000,0.000000000,0.000000000
Tonbridge,"72,745.000000000",0.319360245,0.190517795,0.090435775,0.150399401,0.243153127,0.000000000,0.000000000,0.006133657
Tooting,"76,953.000000000",0.126069533,0.611538323,0.055778187,0.089894942,0.103956822,0.000000000,0.000000000,0.012762194
Torbay,"76,019.000000000",0.263037992,0.132027198,0.367762512,0.191749614,0.045422683,0.000000000,0.000000000,0.000000000
Torridge and Tavistock,"74,621.000000000",0.348018465,0.275185088,0.107569027,0.170403275,0.082170543,0.000000000,0.000000000,0.016653602
Tottenham,"75,561.000000000",0.060246067,0.717970956,0.027712787,0.074041952,0.097882211,0.000000000,0.000000000,0.022146027
Truro and Falmouth,"72,935.000000000",0.238028416,0.452240348,0.084780448,0.164454579,0.053791732,0.000000000,0.000000000,0.006704477
Tunbridge Wells,"74,822.000000000",0.299034161,0.186572212,0.262054192,0.212728776,0.032526589,0.000000000,0.000000000,0.007084069
Twickenham,"77,386.000000000",0.107748479,0.057038540,0.630572008,0.174734280,0.029906694,0.000000000,0.000000000,0.000000000
Tynemouth,"72,908.000000000",0.140638997,0.565183637,0.029282373,0.194625261,0.054762616,0.000000000,0.000000000,0.015507117
Uxbridge and South Ruislip,"74,828.000000000",0.184650849,0.506617384,0.041135090,0.187095108,0.068757204,0.000000000,0.000000000,0.011744366
Vauxhall and Camberwell Green,"72,629.000000000",0.076125073,0.680345663,0.058403607,0.079005594,0.088064624,0.000000000,0.000000000,0.018055440
Wakefield and Rothwell,"73,602.000000000",0.149865452,0.554295177,0.030035189,0.197598841,0.054398675,0.000000000,0.000000000,0.013806665
Wallasey,"72,516.000000000",0.093914246,0.649318317,0.025824936,0.139675953,0.069116775,0.000000000,0.000000000,0.022149773
Walsall and Bloxwich,"74,080.000000000",0.325878505,0.330295491,0.048447066,0.194906488,0.084397976,0.000000000,0.000000000,0.016074474
Walthamstow,"70,267.000000000",0.066011091,0.711526171,0.030181211,0.071597914,0.096934463,0.000000000,0.000000000,0.023749150
Warrington North,"72,097.000000000",0.132113101,0.531155823,0.028518880,0.248116469,0.048861018,0.000000000,0.000000000,0.011234710
Warrington South,"76,256.000000000",0.209773766,0.539889633,0.041340337,0.167181841,0.035727154,0.000000000,0.000000000,0.006087270
Warwick and Leamington,"75,602.000000000",0.153828193,0.546940364,0.061017609,0.137289620,0.091001070,0.000000000,0.000000000,0.009923144
Warwickshire North and Bedworth,"70,270.000000000",0.270831370,0.424827976,0.042086907,0.216726364,0.045527382,0.000000000,0.000000000,0.000000000
Washington and Gateshead South,"71,731.000000000",0.084186375,0.376257501,0.029076950,0.444934698,0.056852277,0.000000000,0.000000000,0.008692199
Watford,"70,110.000000000",0.229093870,0.428435730,0.126963395,0.156087797,0.055704448,0.000000000,0.000000000,0.003714761
Waveney Valley,"71,189.000000000",0.122948755,0.105387218,0.027835756,0.246293364,0.492676695,0.000000000,0.000000000,0.004858212
Weald of Kent,"70,125.000000000",0.307813176,0.294969599,0.112267438,0.228269533,0.056680254,0.000000000,0.000000000,0.000000000
Wellingborough and Rushden,"77,190.000000000",0.171599873,0.463110509,0.056370010,0.241215839,0.056449685,0.000000000,0.000000000,0.011254083
Wells and Mendip Hills,"69,509.000000000",0.229936002,0.101383313,0.489009023,0.141829312,0.030289780,0.000000000,0.000000000,0.007552570
Welwyn Hatfield,"74,505.000000000",0.230748273,0.488644546,0.059803445,0.168648438,0.052155298,0.000000000,0.000000000,0.000000000
West Bromwich,"71,963.000000000",0.118158403,0.424447306,0.039788581,0.353670316,0.057710882,0.000000000,0.000000000,0.006224512
West Ham and Beckton,"70,621.000000000",0.073965678,0.659394262,0.032393242,0.118908252,0.089907321,0.000000000,0.000000000,0.025431245
Westmorland and Lonsdale,"73,247.000000000",0.181081704,0.055893354,0.625409938,0.116005744,0.016344330,0.000000000,0.000000000,0.005264931
Weston-super-Mare,"69,967.000000000",0.190782778,0.398326030,0.059814326,0.283245758,0.067831108,0.000000000,0.000000000,0.000000000
Wetherby and Easingwold,"71,150.000000000",0.314576400,0.243643625,0.081848436,0.279224113,0.071351146,0.000000000,0.000000000,0.009356280
Whitehaven and Workington,"73,374.000000000",0.128791605,0.559067060,0.016232169,0.246187900,0.049721266,0.000000000,0.000000000,0.000000000
Widnes and Halewood,"70,355.000000000",0.075075975,0.684629542,0.019753456,0.156315542,0.064225485,0.000000000,0.000000000,0.000000000
Wigan,"75,680.000000000",0.109740712,0.523101018,0.027777778,0.258004873,0.062037762,0.000000000,0.000000000,0.019337858
Wiltshire East,"70,844.000000000",0.240889254,0.418180462,0.127009586,0.166772353,0.040975046,0.000000000,0.000000000,0.006173300
Wiltshire South West,"71,331.000000000",0.306452907,0.328564549,0.137806493,0.178779245,0.041875677,0.000000000,0.000000000,0.006521128
Wimbledon,"74,718.000000000",0.176391083,0.139582236,0.536124276,0.097718097,0.037265227,0.000000000,0.000000000,0.012919080
Winchester,"77,307.000000000",0.191869972,0.068366892,0.591912919,0.116268314,0.026477924,0.000000000,0.000000000,0.005103979
Windsor,"73,998.000000000",0.281357535,0.127256715,0.429603536,0.101864083,0.047719230,0.000000000,0.000000000,0.012198901
Wirral West,"71,641.000000000",0.210589875,0.543966558,0.040910358,0.149893172,0.054640037,0.000000000,0.000000000,0.000000000
Witham,"74,881.000000000",0.325633005,0.345901847,0.078306632,0.179545166,0.057403728,0.000000000,0.000000000,0.013209621
Witney,"70,019.000000000",0.298382531,0.142317024,0.387788112,0.140739992,0.027557622,0.000000000,0.000000000,0.003214719
Woking,"71,024.000000000",0.222207557,0.085885059,0.562410438,0.103533449,0.022475300,0.000000000,0.000000000,0.003488197
Wokingham,"70,557.000000000",0.255447176,0.117337064,0.456681295,0.128432631,0.042101834,0.000000000,0.000000000,0.000000000
Wolverhampton North East,"71,096.000000000",0.187192118,0.516028418,0.018466718,0.244547862,0.033764884,0.000000000,0.000000000,0.000000000
Wolverhampton South East,"76,072.000000000",0.050074500,0.518864410,0.010243721,0.372605364,0.048212005,0.000000000,0.000000000,0.000000000
Wolverhampton West,"77,127.000000000",0.183843495,0.545174031,0.025590389,0.178042459,0.061034313,0.000000000,0.000000000,0.006315313
Worcester,"73,485.000000000",0.165410402,0.512000635,0.046514857,0.168187408,0.098067997,0.000000000,0.000000000,0.009818701
Worcestershire West,"76,241.000000000",0.283082535,0.323210214,0.142745098,0.186611947,0.053588691,0.000000000,0.000000000,0.010761514
Worsley and Eccles,"77,299.000000000",0.123013476,0.543021391,0.027389557,0.242569411,0.052592114,0.000000000,0.000000000,0.011414051
Worthing East and Shoreham,"75,196.000000000",0.175510125,0.517114179,0.034577824,0.192109810,0.072475586,0.000000000,0.000000000,0.008212476
Worthing West,"76,124.000000000",0.275180342,0.457277321,0.044767195,0.179724569,0.039077267,0.000000000,0.000000000,0.003973306
"Wrekin, The","75,745.000000000",0.283917119,0.410849367,0.065018089,0.183131886,0.044565039,0.000000000,0.000000000,0.012518500
Wycombe,"71,214.000000000",0.261200051,0.461017453,0.079515054,0.136438915,0.052550002,0.000000000,0.000000000,0.009278526
Wyre Forest,"78,076.000000000",0.291338915,0.393428794,0.058942618,0.196798752,0.044939792,0.000000000,0.000000000,0.014551129
Wythenshawe and Sale East,"76,314.000000000",0.105198074,0.585633529,0.032173299,0.167292320,0.088239191,0.000000000,0.000000000,0.021463587
Yeovil,"76,056.000000000",0.254723199,0.077383568,0.500970269,0.145924868,0.016933948,0.000000000,0.000000000,0.004064148
York Central,"76,303.000000000",0.105716173,0.612225072,0.039830574,0.128487604,0.097633481,0.000000000,0.000000000,0.016107096
York Outer,"73,271.000000000",0.243157895,0.484793233,0.089830827,0.129266917,0.042086466,0.000000000,0.000000000,0.010864662
Aberafan Maesteg,"69,525.000000000",0.093714724,0.563326861,0.023027950,0.192915519,0.044024021,0.061340136,0.000000000,0.021650788
Alyn and Deeside,"75,403.000000000",0.147681650,0.489451311,0.029992915,0.243210265,0.028261041,0.040521924,0.000000000,0.020880894
Bangor Aberconwy,"70,127.000000000",0.198960073,0.404937541,0.021918793,0.157532075,0.021834246,0.188624210,0.000000000,0.006193063
Blaenau Gwent and Rhymney,"70,687.000000000",0.288829591,0.563995215,0.023532389,0.000000000,0.044465403,0.057623298,0.000000000,0.021554104
"Brecon, Radnor and Cwm Tawe","72,621.000000000",0.247712917,0.130400058,0.308955928,0.167156756,0.016935308,0.120634575,0.000000000,0.008204458
Bridgend,"70,710.000000000",0.167158329,0.469552025,0.030131906,0.210986557,0.036095074,0.074149775,0.000000000,0.011926335
Caerphilly,"70,954.000000000",0.125662274,0.414934565,0.021305982,0.211316397,0.042793099,0.183987683,0.000000000,0.000000000
Cardiff East,"75,658.000000000",0.131277882,0.584712997,0.064439377,0.109110737,0.046753247,0.045107564,0.000000000,0.018598196
Cardiff North,"71,374.000000000",0.182680879,0.559173663,0.036430525,0.129044430,0.036034336,0.056636166,0.000000000,0.000000000
Cardiff South and Penarth,"73,492.000000000",0.159865142,0.558442096,0.040374791,0.111568453,0.062837405,0.066912115,0.000000000,0.000000000
Cardiff West,"74,561.000000000",0.151746422,0.481247274,0.040915038,0.139852516,0.051183444,0.126511517,0.000000000,0.008543789
Carmarthen,"72,404.000000000",0.156231366,0.127608825,0.015702644,0.252091578,0.053143239,0.391680671,0.000000000,0.003541678
Ceredigion Preseli,"74,308.000000000",0.120695334,0.160256176,0.052095151,0.165452882,0.022598353,0.478902104,0.000000000,0.000000000
Clwyd East,"76,518.000000000",0.217143181,0.441013625,0.036867666,0.199342391,0.030612823,0.065855364,0.009164950,0.000000000
Clwyd North,"76,558.000000000",0.231326145,0.448795298,0.026526799,0.178447705,0.030399751,0.084504301,0.000000000,0.000000000
Dwyfor Meirionnydd,"72,047.000000000",0.083211838,0.292990961,0.007854644,0.165184429,0.011918647,0.434246975,0.000000000,0.004592506
Gower,"76,005.000000000",0.179018729,0.512122257,0.036002911,0.174882225,0.032594125,0.056072619,0.000000000,0.009307135
Llanelli,"69,600.000000000",0.107964142,0.358169850,0.017539301,0.238837642,0.033801048,0.232904595,0.000000000,0.010783422
Merthyr Tydfil and Aberdare,"74,598.000000000",0.093090190,0.527078985,0.026518730,0.206239701,0.040865649,0.074546853,0.000000000,0.031659892
Monmouthshire,"72,681.000000000",0.292838012,0.466367367,0.032717393,0.141120253,0.029673019,0.034451531,0.000000000,0.002832425
Montgomeryshire and Glyndwr,"74,118.000000000",0.256552027,0.377253039,0.062915427,0.210982255,0.024092297,0.068204954,0.000000000,0.000000000
Neath and Swansea East,"74,090.000000000",0.120456224,0.423545581,0.039345204,0.209485517,0.049478953,0.157688521,0.000000000,0.000000000
Newport East,"75,617.000000000",0.144971553,0.522415194,0.032296702,0.213970997,0.037002182,0.037109124,0.000000000,0.012234247
Newport West and Islwyn,"75,266.000000000",0.159751583,0.470394271,0.029676532,0.244249793,0.035320535,0.055064431,0.000000000,0.005542856
Pembrokeshire Mid and South,"76,780.000000000",0.204248545,0.457642625,0.023072419,0.217367439,0.026219490,0.061166612,0.000000000,0.010282870
Pontypridd,"73,664.000000000",0.138487040,0.251406470,0.056660639,0.209790034,0.056962025,0.277024312,0.000000000,0.009669480
Rhondda and Ogmore,"73,521.000000000",0.074009298,0.582377684,0.021009520,0.190259021,0.049900376,0.082444100,0.000000000,0.000000000
Swansea West,"73,780.000000000",0.136136774,0.482998832,0.053605182,0.167484337,0.053137942,0.094255071,0.000000000,0.012381863
Torfaen,"70,218.000000000",0.146270517,0.460812152,0.032619988,0.245215504,0.044485999,0.054366646,0.000000000,0.016229194
Vale of Glamorgan,"70,148.000000000",0.239672572,0.529723331,0.015508697,0.146941396,0.036494593,0.027987882,0.000000000,0.003671529
Wrexham,"70,870.000000000",0.235972063,0.453110472,0.028369408,0.186974290,0.025558415,0.064285251,0.000000000,0.005730101
Ynys Mon (Anglesey),"51,927.000000000",0.159246625,0.329922155,0.013994577,0.210618385,0.020437914,0.260678154,0.000000000,0.005102190
Aberdeen North,"76,515.000000000",0.121244593,0.282313058,0.045025913,0.104898102,0.029770487,0.409363675,0.000000000,0.007384172
Aberdeen South,"76,047.000000000",0.153507842,0.256764872,0.064204465,0.084446093,0.029956196,0.401741557,0.000000000,0.009378974
Aberdeenshire North and Moray East,"71,236.000000000",0.177525713,0.251181984,0.038010119,0.152558892,0.000000000,0.380723291,0.000000000,0.000000000
Aberdeenshire West and Kincardine,"72,640.000000000",0.237309313,0.274570139,0.073328112,0.095651039,0.017269031,0.298683376,0.000000000,0.003188990
Airdrie and Shotts,"69,843.000000000",0.090445914,0.402732747,0.034801465,0.119394501,0.000000000,0.337761590,0.000000000,0.014863784
Alloa and Grangemouth,"70,834.000000000",0.113472342,0.280442214,0.037064433,0.106375322,0.030127347,0.422702465,0.000000000,0.009815877
Angus and Perthshire Glens,"75,151.000000000",0.165869516,0.215249234,0.035404678,0.139825125,0.000000000,0.435823182,0.000000000,0.007828264
Arbroath and Broughty Ferry,"75,106.000000000",0.140833769,0.227252370,0.042173621,0.103530641,0.000000000,0.475572889,0.000000000,0.010636710
"Argyll, Bute and South Lochaber","70,737.000000000",0.152649229,0.225217975,0.079179841,0.119670403,0.000000000,0.413452141,0.000000000,0.009830411
Ayr Carrick and Cumnock,"71,971.000000000",0.152782503,0.324935465,0.036739840,0.143417445,0.021911832,0.311168031,0.000000000,0.009044884
Ayrshire Central,"69,742.000000000",0.146556846,0.334132399,0.035650624,0.127256336,0.022394329,0.327739873,0.000000000,0.006269592
Ayrshire North and Arran,"73,534.000000000",0.136547277,0.267345195,0.039235491,0.108752234,0.027425996,0.411797840,0.000000000,0.008895968
Bathgate and Linlithgow,"70,467.000000000",0.080950598,0.438193391,0.026720791,0.082349696,0.045559343,0.316806905,0.000000000,0.009419276
"Berwickshire, Roxburgh and Selkirk","74,518.000000000",0.244751980,0.268825639,0.063592559,0.115960705,0.016640520,0.285858359,0.000000000,0.004370238
Caithness Sutherland and Easter Ross,"74,896.000000000",0.069261117,0.072914130,0.485688309,0.075706655,0.024223532,0.262757131,0.000000000,0.009449126
Coatbridge and Bellshill,"71,594.000000000",0.069092565,0.508486504,0.027922669,0.081594635,0.032103825,0.269084285,0.000000000,0.011715516
Cowdenbeath and Kirkcaldy,"70,191.000000000",0.101626601,0.442678237,0.040161221,0.098130745,0.038022579,0.268543462,0.000000000,0.010837155
Cumbernauld and Kirkintilloch,"69,904.000000000",0.093555223,0.345965262,0.028525721,0.070659852,0.091103632,0.370190310,0.000000000,0.000000000
Dumfries and Galloway,"76,172.000000000",0.233992684,0.193455023,0.053996946,0.226801378,0.024699031,0.262278490,0.000000000,0.004776448
"Dumfriesshire, Clydesdale and Tweeddale","70,255.000000000",0.287008622,0.353463393,0.034414730,0.061066053,0.025628379,0.235733596,0.000000000,0.002685226
Dunbartonshire West,"69,016.000000000",0.087164019,0.378179038,0.033427680,0.108361052,0.042084168,0.336879945,0.000000000,0.013904097
Dundee Central,"74,801.000000000",0.072447323,0.407117563,0.034648720,0.081603506,0.000000000,0.392307241,0.000000000,0.011875648
Dunfermline and Dollar,"70,060.000000000",0.120329025,0.313826870,0.050567959,0.093223658,0.044163729,0.368331375,0.000000000,0.009557383
East Kilbride and Strathaven,"74,435.000000000",0.106908302,0.409186956,0.036987683,0.084464411,0.034531991,0.314652301,0.000000000,0.013268356
Edinburgh East and Musselburgh,"75,152.000000000",0.094320181,0.344768774,0.057064686,0.068434985,0.073853643,0.351253398,0.000000000,0.010304333
Edinburgh North and Leith,"78,178.000000000",0.078023311,0.222222222,0.061945332,0.090507041,0.153990652,0.384939652,0.000000000,0.008371790
Edinburgh South,"71,688.000000000",0.095253560,0.547927188,0.076790673,0.045093613,0.066917818,0.157462287,0.000000000,0.010554861
Edinburgh South West,"73,516.000000000",0.114052252,0.366217342,0.057216364,0.069790195,0.039497047,0.341015328,0.000000000,0.012211472
Edinburgh West,"75,666.000000000",0.100192292,0.125290528,0.378095477,0.108285260,0.046852270,0.232221386,0.000000000,0.009062787
Falkirk,"73,900.000000000",0.117878459,0.265948376,0.041430897,0.106251453,0.029784513,0.430160453,0.000000000,0.008545849
Fife North East,"70,255.000000000",0.083323803,0.059666378,0.427532799,0.061675952,0.073145228,0.294655840,0.000000000,0.000000000
Glasgow East,"70,653.000000000",0.075237720,0.373581351,0.027167959,0.192038035,0.118925551,0.201744008,0.000000000,0.011305377
Glasgow North,"75,508.000000000",0.065300239,0.494421736,0.041545722,0.055348222,0.054696602,0.277195269,0.000000000,0.011492210
Glasgow North East,"76,435.000000000",0.064220380,0.517597412,0.029968083,0.083349399,0.036737142,0.256088940,0.000000000,0.012038644
Glasgow South,"72,763.000000000",0.076946797,0.450415262,0.038607022,0.065146781,0.045719924,0.311364197,0.000000000,0.011800016
Glasgow South West,"70,821.000000000",0.128011930,0.307609293,0.058335296,0.123381210,0.040636528,0.331214190,0.000000000,0.010811553
Glasgow West,"72,836.000000000",0.042716425,0.595157777,0.021859398,0.032345741,0.084469033,0.217090425,0.000000000,0.006361201
Glenrothes and Mid Fife,"68,703.000000000",0.089909019,0.354846470,0.030990290,0.124442306,0.000000000,0.399811915,0.000000000,0.000000000
Gordon and Buchan,"69,002.000000000",0.192052980,0.236076757,0.071411474,0.118287720,0.000000000,0.382171068,0.000000000,0.000000000
Hamilton and Clyde Valley,"74,123.000000000",0.108337962,0.441569138,0.038079185,0.096040761,0.000000000,0.305265577,0.000000000,0.010707376
Inverclyde and Renfrewshire West,"69,793.000000000",0.075580210,0.499184240,0.047477261,0.052290248,0.031835053,0.283456377,0.000000000,0.010176612
"Inverness, Skye and West Ross-shire","77,420.000000000",0.155873278,0.206511021,0.151690575,0.065619135,0.027290944,0.381866472,0.000000000,0.011148573
Kilmarnock and Loudoun,"74,517.000000000",0.105283132,0.370198742,0.033316688,0.099211026,0.027823829,0.350104864,0.000000000,0.014061720
Livingston,"74,224.000000000",0.098689102,0.387712776,0.036392095,0.093249853,0.032772452,0.340716103,0.000000000,0.010467619
Lothian East,"70,354.000000000",0.132915310,0.380254408,0.072807876,0.079976836,0.043333267,0.283962697,0.000000000,0.006749606
Mid Dunbartonshire,"73,389.000000000",0.108621837,0.109372601,0.416571399,0.052621700,0.020185302,0.279659426,0.000000000,0.012967734
Midlothian,"70,544.000000000",0.100145980,0.442098106,0.039734437,0.088547603,0.000000000,0.319435279,0.000000000,0.010038595
"Moray West, Nairn and Strathspey","75,420.000000000",0.163254996,0.258494873,0.045486865,0.141063543,0.022734077,0.361761844,0.000000000,0.007203802
"Motherwell, Wishaw and Carluke","71,444.000000000",0.084018399,0.238451752,0.033494813,0.143496770,0.024491094,0.465208456,0.000000000,0.010838716
Na h-Eileanan An Iar (Western Isles),"21,106.000000000",0.105618424,0.226259017,0.032095824,0.088081530,0.000000000,0.285685924,0.000000000,0.262259281
Orkney and Shetland,"34,210.000000000",0.086618071,0.200908927,0.336798056,0.144573434,0.024163067,0.206938445,0.000000000,0.000000000
Paisley and Renfrewshire North,"69,791.000000000",0.100508005,0.416118521,0.039608169,0.085024995,0.029589751,0.329150560,0.000000000,0.000000000
Paisley and Renfrewshire South,"68,828.000000000",0.089373138,0.422074540,0.033415971,0.077644216,0.029520218,0.335847170,0.000000000,0.012124747
Perth and Kinross-shire,"75,339.000000000",0.170545396,0.241591140,0.044924414,0.118480796,0.000000000,0.417834440,0.000000000,0.006623814
Renfrewshire East,"72,232.000000000",0.059958764,0.584169673,0.018950305,0.116021346,0.011051818,0.205830630,0.000000000,0.004017465
Rutherglen,"70,291.000000000",0.082512864,0.516206799,0.038551923,0.075321097,0.000000000,0.276042300,0.000000000,0.011365018
Stirling and Strathallan,"75,296.000000000",0.091194068,0.582776399,0.032922793,0.047419006,0.013048183,0.232639552,0.000000000,0.000000000
