PCON24CD,Seat,Region,mean_Con,mean_Lab,mean_LDem,mean_Green,mean_Reform,mean_Plaid,mean_SNP,mean_Other,lo_Con,lo_Lab,lo_LDem,lo_Green,lo_Reform,lo_Plaid,lo_SNP,lo_Other,hi_Con,hi_Lab,hi_LDem,hi_Green,hi_Reform,hi_Plaid,hi_SNP,hi_Other 
E14001063,Aldershot,South East,34.04,28.54,18.14,4.95,12.16,0,0,2.17,26.16,19.44,8.93,1.01,5.61,0,0,0.38,42.12,38.05,29.33,12.65,22.16,0,0,5.95 
E14001064,Aldridge-Brownhills,West Midlands,36.53,40.05,4.90,3.68,14.84,0,0,0,28.24,28.34,1.31,0.51,6.16,0,0,0,45.75,51.97,11.91,11.58,27.44,0,0,0 
E14001065,Altrincham and Sale West,North West,26.64,46.65,12.65,3.71,8.96,0,0,1.39,20.42,37.81,6.63,0.91,3.81,0,0,0.23,33.83,55.74,20.95,8.62,16.53,0,0,4.09 
E14001066,Amber Valley,East Midlands,30.26,38.15,4.59,7.69,19.31,0,0,0,22.86,28.13,1.39,2.57,10.31,0,0,0,37.99,48.03,10.29,16.58,30.70,0,0,0 
E14001067,Arundel and South Downs,South East,32.18,25.43,11.18,21.64,8.20,0,0,1.36,24.18,16.25,3.81,10.11,3.30,0,0,0.25,41.09,35.94,22.15,36.76,16.61,0,0,4.20 
E14001068,Ashfield,East Midlands,14.39,28.02,7.28,3.16,31.11,0,0,16.04,10.02,19.75,2.65,0.68,19.42,0,0,6.84,19.89,37.67,14.68,7.82,43.24,0,0,30.27 
E14001069,Ashford,South East,27.25,39.78,9.90,8.67,12.92,0,0,1.48,20.94,30.22,4.29,2.86,6.46,0,0,0.30,34.57,49.08,17.38,17.69,21.47,0,0,4.21 
E14001070,Ashton-under-Lyne,North West,17.21,58.25,2.83,4.65,13.69,0,0,3.37,12.72,48.06,0.81,1.42,7.07,0,0,0.84,22.31,68.10,6.69,10.49,22.63,0,0,8.23 
E14001071,Aylesbury,South East,28.38,30.01,20.77,4.91,14.61,0,0,1.33,21.53,21.80,11.60,1.14,7.66,0,0,0.22,35.50,39.06,30.88,12.37,23.34,0,0,3.86 
E14001072,Banbury,South East,28.49,27.82,17.65,13.89,10.93,0,0,1.21,21.64,18.19,9.20,5.14,4.91,0,0,0.25,35.94,37.72,28.18,27.37,20.41,0,0,3.39 
E14001073,Barking,London,18.02,49.66,7.57,5.89,10.08,0,0,8.79,13.27,38.96,2.55,1.41,4.40,0,0,2.89,23.24,60.02,15.16,13.80,18.62,0,0,18.38 
E14001074,Barnsley North,Yorkshire and The Humber,8.68,49.68,5.84,10.23,23.05,0,0,2.51,5.63,35.45,1.79,2.43,11.52,0,0,0.28,12.47,63.48,13.46,25.17,36.83,0,0,7.35 
E14001075,Barnsley South,Yorkshire and The Humber,11.92,48.29,7.30,3.96,25.73,0,0,2.81,8.00,35.84,2.43,0.61,13.93,0,0,0.47,16.49,60.71,16.08,12.94,39.75,0,0,8.22 
E14001076,Barrow and Furness,North West,27.37,52.38,2.06,3.05,13.83,0,0,1.30,20.61,41.14,0.54,0.41,5.92,0,0,0.25,35.54,62.53,5.22,9.12,25.20,0,0,3.78 
E14001077,Basildon and Billericay,East of England,31.60,33.49,5.12,4.07,23.50,0,0,2.23,22.79,23.99,1.50,0.58,11.20,0,0,0.45,40.17,44.10,12.63,11.03,38.19,0,0,6.49 
E14001078,Basingstoke,South East,29.14,44.95,6.72,8.17,8.78,0,0,2.25,23.01,35.95,2.83,2.82,4.04,0,0,0.54,35.76,54.51,12.52,16.18,15.89,0,0,5.52 
E14001079,Bassetlaw,East Midlands,28.42,41.85,4.77,0.01,24.96,0,0,0,20.52,31.53,1.31,0,13.74,0,0,0,37.38,53.03,11.12,0.03,38.57,0,0,0 
E14001080,Bath,South West,13.85,17.60,60.48,2.46,4.38,0,0,1.22,9.62,10.74,48.06,0.32,1.59,0,0,0.20,18.81,26.53,70.92,7.60,8.63,0,0,3.77 
E14001081,Battersea,London,28.28,48.84,9.93,4.07,5.13,0,0,3.75,21.40,36.51,3.84,0.57,2.10,0,0,0.78,35.59,60.40,19.93,11.67,10.38,0,0,9.87 
E14001082,Beaconsfield,South East,40.25,21.59,7.18,6.67,19.77,0,0,4.55,30.11,13.75,1.96,1.39,9.17,0,0,0.73,51.39,30.95,17.95,16.39,32.33,0,0,13.43 
E14001083,Beckenham and Penge,London,26.78,39.93,13.95,9.34,10.00,0,0,0,20.57,29.27,5.71,2.46,4.51,0,0,0,33.64,50.82,24.80,20.86,17.94,0,0,0 
E14001084,Bedford,East of England,26.37,38.59,9.09,13.45,8.01,0,0,4.49,20.47,28.24,3.83,5.46,3.79,0,0,1.25,33.13,48.68,17.18,24.76,14.30,0,0,10.55 
E14001085,Bermondsey and Old Southwark,London,12.36,44.85,27.38,2.87,5.27,0,0,7.26,8.60,32.86,14.40,0.46,1.92,0,0,2.17,16.78,57.38,41.42,9.10,10.68,0,0,16.93 
E14001086,Bethnal Green and Stepney,London,9.90,58.86,7.66,7.54,10.27,0,0,5.77,6.96,46.47,2.52,1.94,4.80,0,0,1.68,13.35,69.88,15.55,17.71,18.44,0,0,13.18 
E14001087,Beverley and Holderness,Yorkshire and The Humber,33.76,39.07,8.95,4.46,12.79,0,0,0.96,25.79,28.85,3.40,0.74,5.64,0,0,0.19,41.70,49.69,17.88,11.79,23.06,0,0,2.85 
E14001088,Bexhill and Battle,South East,28.76,34.18,11.60,4.68,19.86,0,0,0.92,20.89,24.83,5.42,0.91,9.74,0,0,0.16,36.77,44.47,20.34,11.92,32.87,0,0,2.79 
E14001089,Bexleyheath and Crayford,London,32.74,39.50,5.84,5.26,16.66,0,0,0,23.85,28.83,1.76,1.18,7.31,0,0,0,41.80,50.38,13.67,13.34,30.81,0,0,0 
E14001090,Bicester and Woodstock,South East,24.93,28.08,28.49,5.71,11.25,0,0,1.53,18.63,19.33,17.39,1.64,5.01,0,0,0.30,31.44,38.44,41.70,13.00,20.93,0,0,4.30 
E14001091,Birkenhead,North West,8.25,59.54,3.00,13.66,12.82,0,0,2.73,5.36,46.22,0.66,4.58,4.73,0,0,0.26,11.67,72.17,7.78,28.16,23.89,0,0,9.56 
E14001092,Birmingham Edgbaston,West Midlands,21.56,51.36,7.82,6.97,8.11,0,0,4.19,16.84,40.98,3.30,2.43,3.54,0,0,1.04,27.28,60.78,14.94,14.07,14.97,0,0,10.25 
E14001093,Birmingham Erdington,West Midlands,22.72,56.32,4.21,5.56,9.07,0,0,2.12,18.01,47.47,1.66,1.98,4.46,0,0,0.52,28.19,64.61,8.60,11.35,15.53,0,0,5.30 
E14001094,Birmingham Hall Green and Moseley,West Midlands,8.93,55.85,3.85,10.15,13.67,0,0,7.55,5.97,42.65,1.01,3.01,6.45,0,0,2.20,12.45,67.73,9.38,22.92,23.69,0,0,16.61 
E14001095,Birmingham Hodge Hill and Solihull North,West Midlands,18.50,51.31,7.08,5.09,13.56,0,0,4.46,13.52,39.56,2.38,1.22,6.31,0,0,1.06,24.52,62.67,15.09,12.36,23.78,0,0,10.55 
E14001096,Birmingham Ladywood,West Midlands,10.25,59.15,6.11,9.80,7.63,0,0,7.06,7.17,46.15,2.06,2.58,3.36,0,0,1.95,14.03,71.07,12.90,21.72,14.55,0,0,15.15 
E14001097,Birmingham Northfield,West Midlands,22.77,46.07,5.14,7.09,17.34,0,0,1.59,16.77,35.89,1.84,1.99,8.55,0,0,0.33,29.62,56.60,11.18,15.43,28.26,0,0,4.50 
E14001098,Birmingham Perry Barr,West Midlands,16.04,55.79,4.42,3.90,14.21,0,0,5.65,11.72,45.18,1.72,1.12,8.01,0,0,1.85,21.37,65.39,9.11,8.96,22.65,0,0,12.33 
E14001099,Birmingham Selly Oak,West Midlands,18.29,54.91,4.69,12.16,7.14,0,0,2.81,13.82,42.36,1.31,3.85,2.98,0,0,0.71,23.59,65.81,11.04,25.94,13.32,0,0,7.40 
E14001100,Birmingham Yardley,West Midlands,15.24,44.64,6.25,9.53,18.35,0,0,5.98,10.51,32.20,1.85,2.94,8.91,0,0,1.60,21.07,56.89,13.72,21.85,30.59,0,0,14.46 
E14001101,Bishop Auckland,North East,25.30,46.35,4.38,6.48,16.24,0,0,1.25,19.53,36.11,1.28,1.37,8.07,0,0,0.24,31.94,57.11,9.96,15.62,27.20,0,0,3.57 
E14001102,Blackburn,North West,17.14,60.81,1.86,5.01,11.37,0,0,3.81,12.50,50.45,0.50,0.99,5.93,0,0,0.88,22.16,70.01,4.50,13.41,18.42,0,0,9.28 
E14001103,Blackley and Middleton South,North West,16.67,61.01,4.20,5.43,12.70,0,0,0,12.06,49.78,1.18,1.16,5.75,0,0,0,21.75,71.18,9.54,14.05,22.90,0,0,0 
E14001104,Blackpool North and Fleetwood,North West,24.80,51.54,3.57,6.12,13.00,0,0,0.98,18.91,41.59,1.13,1.74,6.40,0,0,0.17,31.30,60.17,7.87,13.97,21.97,0,0,2.83 
E14001105,Blackpool South,North West,19.91,38.12,1.98,5.49,33.43,0,0,1.06,13.67,28.87,0.57,1.43,21.17,0,0,0.20,27.12,47.92,4.63,12.45,46.23,0,0,2.92 
E14001106,Blaydon and Consett,North East,16.26,52.00,7.10,2.44,20.58,0,0,1.61,12.01,41.68,2.37,0.41,11.83,0,0,0.33,21.14,61.86,14.97,6.45,31.84,0,0,4.61 
E14001107,Blyth and Ashington,North East,20.22,51.09,5.53,2.53,20.63,0,0,0,15.26,41.02,2.07,0.46,12.00,0,0,0,25.96,60.18,11.87,6.93,30.99,0,0,0 
E14001108,Bognor Regis and Littlehampton,South East,33.64,32.21,10.56,11.67,9.74,0,0,2.18,26.03,23.18,4.67,4.06,4.05,0,0,0.49,42.18,42.33,19.01,23.54,18.27,0,0,6.39 
E14001109,Bolsover,East Midlands,23.08,50.59,3.90,3.25,19.19,0,0,0,16.71,39.89,0.94,0.48,10.20,0,0,0,30.28,61.31,9.72,9.27,30.03,0,0,0 
E14001110,Bolton North East,North West,26.78,49.55,5.94,2.71,13.05,0,0,1.96,20.77,39.62,1.96,0.46,6.43,0,0,0.41,33.62,59.77,12.32,7.60,22.71,0,0,5.36 
E14001111,Bolton South and Walkden,North West,17.83,50.24,4.24,15.64,9.12,0,0,2.93,12.96,37.11,1.18,4.91,3.88,0,0,0.63,23.44,62.27,10.95,32.34,16.73,0,0,7.68 
E14001112,Bolton West,North West,25.73,49.26,3.35,3.47,16.72,0,0,1.46,19.77,39.75,0.87,0.67,8.29,0,0,0.30,32.17,58.53,7.74,9.19,28.12,0,0,4.04 
E14001113,Bootle,North West,3.59,72.80,3.37,9.31,7.64,0,0,3.29,2.32,60.20,0.88,2.72,2.95,0,0,0.69,5.16,83.11,8.19,20.49,14.28,0,0,9.60 
E14001114,Boston and Skegness,East Midlands,42.91,27.26,5.30,0.85,21.52,0,0,2.15,32.88,19.38,2.17,0.11,11.25,0,0,0.45,52.56,36.11,10.38,2.94,33.92,0,0,5.76 
E14001115,Bournemouth East,South West,24.49,38.27,6.35,12.98,15.58,0,0,2.32,18.18,28.06,2.00,4.36,7.92,0,0,0.48,31.46,48.47,14.00,26.51,25.92,0,0,6.40 
E14001116,Bournemouth West,South West,23.92,39.82,11.20,6.36,16.90,0,0,1.80,17.71,29.83,4.20,1.16,8.84,0,0,0.32,30.52,50.37,21.10,15.87,27.27,0,0,4.88 
E14001117,Bracknell,South East,33.96,36.59,11.53,3.33,12.80,0,0,1.80,26.95,27.44,4.87,0.52,6.41,0,0,0.39,41.66,45.88,21.04,8.57,21.52,0,0,4.89 
E14001118,Bradford East,Yorkshire and The Humber,13.87,46.60,12.85,11.69,10.73,0,0,4.26,9.93,33.93,5.19,3.59,4.88,0,0,0.88,18.41,59.63,23.63,25.51,19.99,0,0,11.47 
E14001119,Bradford South,Yorkshire and The Humber,18.56,48.53,2.77,9.21,15.50,0,0,5.43,13.44,36.01,0.66,2.23,7.70,0,0,1.29,24.79,60.65,7.72,21.06,26.35,0,0,14.86 
E14001120,Bradford West,Yorkshire and The Humber,8.47,70.79,1.80,9.10,6.24,0,0,3.59,5.67,60.28,0.52,2.58,2.57,0,0,0.77,11.89,79.95,4.43,20.19,11.99,0,0,9.56 
E14001121,Braintree,East of England,34.41,37.05,7.59,1.71,15.92,0,0,3.30,26.84,27.87,2.94,0.29,8.22,0,0,0.72,42.64,47.12,14.74,5.12,26.49,0,0,8.90 
E14001122,Brent East,London,16.79,44.69,11.79,7.96,6.77,0,0,12.01,12.29,31.74,4.52,1.78,2.70,0,0,3.56,22.17,57.94,22.45,19.69,13.18,0,0,27.47 
E14001123,Brent West,London,23.23,45.09,10.99,6.58,8.64,0,0,5.47,17.89,33.45,4.72,1.66,3.73,0,0,1.43,29.79,56.16,19.90,15.31,15.77,0,0,12.76 
E14001124,Brentford and Isleworth,London,20.01,40.48,15.32,7.96,10.36,0,0,5.89,15.06,29.16,7.06,2.10,4.94,0,0,1.64,25.55,51.24,27.16,17.68,18.29,0,0,13.72 
E14001125,Brentwood and Ongar,East of England,39.26,26.00,14.74,5.15,13.01,0,0,1.84,31.02,18.41,6.98,1.40,6.17,0,0,0.35,47.64,34.25,25.55,12.02,22.08,0,0,5.17 
E14001126,Bridgwater,South West,27.21,37.93,17.28,3.50,13.10,0,0,0.98,20.71,27.97,8.56,0.73,5.81,0,0,0.18,34.05,48.22,27.25,8.66,23.44,0,0,2.91 
E14001127,Bridlington and The Wolds,Yorkshire and The Humber,26.21,30.42,5.40,14.75,22.50,0,0,0.72,18.73,20.44,1.62,5.02,11.83,0,0,0.12,34.35,41.78,12.63,30.67,36.37,0,0,2.43 
E14001128,Brigg and Immingham,Yorkshire and The Humber,33.09,33.26,3.80,6.77,23.09,0,0,0,23.67,22.84,1.00,1.28,10.86,0,0,0,43.32,44.65,9.38,17.17,39.01,0,0,0 
E14001129,Brighton Kemptown and Peacehaven,South East,25.19,60.79,2.80,9.88,0,0,0,1.34,19.34,51.43,0.73,4.11,0,0,0,0.21,31.11,69.67,6.60,18.51,0,0,0,4.37 
E14001130,Brighton Pavilion,South East,17.00,30.61,0.68,41.36,9.24,0,0,1.10,9.75,19.78,0.02,26.35,3.33,0,0,0.02,25.98,42.92,3.00,56.65,17.53,0,0,5.10 
E14001131,Bristol Central,South West,12.14,55.82,1.21,23.71,4.83,0,0,2.29,7.72,42.17,0.24,11.63,1.65,0,0,0.29,18.02,67.08,3.67,37.67,10.01,0,0,6.75 
E14001132,Bristol East,South West,17.75,68.74,6.48,4.77,0,0,0,2.26,12.55,58.39,2.09,0.92,0,0,0,0.38,23.87,78.23,14.49,12.14,0,0,0,6.42 
E14001133,Bristol North East,South West,22.23,46.25,4.28,12.87,12.41,0,0,1.96,16.61,35.01,1.36,4.42,5.65,0,0,0.32,29.24,57.05,9.16,25.52,21.23,0,0,5.54 
E14001134,Bristol North West,South West,19.57,49.89,7.22,15.30,6.76,0,0,1.27,14.91,38.57,2.77,6.35,2.86,0,0,0.24,24.84,60.30,14.39,29.14,13.11,0,0,3.77 
E14001135,Bristol South,South West,16.43,52.03,7.48,10.66,9.99,0,0,3.41,12.09,39.55,2.45,3.29,4.61,0,0,0.79,21.29,62.48,16.03,22.28,17.79,0,0,8.68 
E14001136,Broadland and Fakenham,East of England,30.12,33.55,12.46,11.62,12.25,0,0,0,22.34,23.62,5.19,3.61,5.37,0,0,0,38.00,44.09,23.43,25.39,21.25,0,0,0 
E14001137,Bromley and Biggin Hill,London,28.84,36.83,8.94,8.55,15.31,0,0,1.54,22.53,28.12,3.78,3.27,7.54,0,0,0.34,36.77,46.03,16.67,15.95,24.79,0,0,3.91 
E14001138,Bromsgrove,West Midlands,35.29,36.03,8.59,5.49,13.55,0,0,1.05,27.76,26.16,2.93,1.26,6.08,0,0,0.17,43.27,46.38,16.84,13.44,24.32,0,0,3.29 
E14001139,Broxbourne,East of England,32.62,30.89,7.41,4.91,18.13,0,0,6.04,23.45,21.40,2.45,1.10,8.51,0,0,1.68,42.22,41.26,14.86,12.42,31.17,0,0,15.03 
E14001140,Broxtowe,East Midlands,24.23,41.56,0.27,9.47,21.71,0,0,2.76,17.79,31.37,0.05,2.61,12.76,0,0,0.61,31.09,51.61,0.82,20.86,32.75,0,0,7.19 
E14001141,Buckingham and Bletchley,South East,29.86,37.46,13.04,2.21,15.79,0,0,1.65,23.04,28.14,5.94,0.50,8.25,0,0,0.38,37.38,47.30,22.67,5.78,25.34,0,0,4.24 
E14001142,Burnley,North West,19.87,40.73,8.85,5.81,19.66,0,0,5.08,14.51,31.57,3.27,1.30,10.48,0,0,1.42,25.61,50.00,16.52,13.88,31.00,0,0,12.22 
E14001143,Burton and Uttoxeter,West Midlands,32.57,40.11,4.61,5.43,14.19,0,0,3.09,24.87,30.24,1.47,1.10,6.88,0,0,0.64,40.62,50.31,10.20,14.14,24.29,0,0,8.70 
E14001144,Bury North,North West,28.73,47.34,2.67,2.70,14.38,0,0,4.18,22.30,37.42,0.68,0.36,6.96,0,0,1.00,35.77,56.67,6.50,8.55,24.32,0,0,10.91 
E14001145,Bury South,North West,24.07,55.23,2.60,5.26,10.99,0,0,1.84,18.66,45.49,0.70,1.29,5.28,0,0,0.39,30.20,64.87,6.11,12.97,18.91,0,0,4.62 
E14001146,Bury St Edmunds and Stowmarket,East of England,30.62,25.57,1.44,20.88,18.20,0,0,3.30,22.59,17.09,0.39,10.07,9.13,0,0,0.81,39.32,34.40,3.57,33.16,29.65,0,0,8.34 
E14001147,Calder Valley,Yorkshire and The Humber,29.96,53.62,2.76,0.74,12.07,0,0,0.85,22.59,43.54,0.75,0.08,5.28,0,0,0.16,37.56,63.05,6.98,2.87,21.50,0,0,2.50 
E14001148,Camborne and Redruth,South West,24.40,52.88,4.15,2.69,14.84,0,0,1.04,18.10,42.51,1.25,0.50,7.12,0,0,0.17,31.24,63.27,8.73,6.98,25.38,0,0,3.27 
E14001149,Cambridge,East of England,9.86,59.38,16.33,10.51,0,0,0,3.92,6.18,45.28,5.95,2.98,0,0,0,0.64,14.12,73.10,30.24,22.01,0,0,0,11.48 
E14001150,Cannock Chase,West Midlands,28.04,31.14,0.07,10.81,29.94,0,0,0,19.16,21.13,0.01,3.59,16.92,0,0,0,37.72,41.85,0.22,22.74,45.86,0,0,0 
E14001151,Canterbury,South East,26.81,55.66,5.21,0.29,10.66,0,0,1.38,20.79,46.84,1.94,0.03,5.24,0,0,0.29,32.94,64.34,11.03,1.15,18.29,0,0,3.93 
E14001152,Carlisle,North West,28.71,46.30,7.53,3.21,11.70,0,0,2.56,23.03,36.97,3.00,0.67,5.69,0,0,0.63,35.51,55.95,14.82,8.95,20.27,0,0,6.82 
E14001153,Carshalton and Wallington,London,21.57,22.70,37.08,8.33,8.34,0,0,1.98,15.06,13.54,22.05,1.70,3.24,0,0,0.35,28.59,34.28,52.73,21.01,15.64,0,0,5.57 
E14001154,Castle Point,East of England,35.85,36.71,5.52,0.01,21.92,0,0,0,26.28,25.86,1.49,0,10.51,0,0,0,45.64,47.57,13.65,0.03,36.50,0,0,0 
E14001155,Central Devon,South West,27.98,34.92,12.46,9.41,13.07,0,0,2.16,20.65,25.36,5.53,2.76,5.82,0,0,0.41,36.09,45.19,21.39,20.62,24.24,0,0,6.50 
E14001156,Central Suffolk and North Ipswich,East of England,27.72,38.98,5.61,10.71,13.99,0,0,3.00,20.59,29.05,2.06,3.44,6.19,0,0,0.67,35.45,49.73,11.31,22.82,25.32,0,0,8.47 
E14001157,Chatham and Aylesford,South East,31.05,31.38,5.76,3.23,26.89,0,0,1.70,22.75,22.18,1.77,0.58,16.04,0,0,0.37,40.19,40.84,13.27,8.94,41.03,0,0,4.69 
E14001158,Cheadle,North West,21.28,20.58,50.30,0.48,6.52,0,0,0.84,15.42,12.90,36.97,0.05,2.76,0,0,0.13,28.20,30.24,61.78,1.82,12.71,0,0,2.54 
E14001159,Chelmsford,East of England,29.53,33.06,21.90,1.67,12.28,0,0,1.56,22.51,23.88,12.08,0.32,6.02,0,0,0.30,37.65,42.80,32.76,5.07,21.15,0,0,4.53 
E14001160,Chelsea and Fulham,London,38.00,36.68,11.26,5.17,7.38,0,0,1.51,30.00,26.84,4.43,1.00,2.97,0,0,0.24,46.50,46.89,21.10,13.45,14.13,0,0,4.32 
E14001161,Cheltenham,South West,30.97,12.87,54.40,0.85,0,0,0,0.91,22.38,7.42,41.04,0.09,0,0,0,0.13,40.45,20.60,66.39,3.06,0,0,0,3.05 
E14001162,Chesham and Amersham,South East,23.81,15.36,45.43,7.69,7.06,0,0,0.65,17.61,9.91,34.96,2.79,3.26,0,0,0.12,30.05,21.93,56.38,15.19,12.53,0,0,1.84 
E14001163,Chester North and Neston,North West,22.68,52.74,4.70,8.46,11.42,0,0,0,16.51,41.40,1.40,1.76,4.49,0,0,0,29.23,63.93,10.51,20.30,21.15,0,0,0 
E14001164,Chester South and Eddisbury,North West,27.27,44.95,10.39,4.65,11.61,0,0,1.13,20.56,33.01,3.80,0.76,4.87,0,0,0.23,34.72,56.36,20.51,14.79,21.93,0,0,3.49 
E14001165,Chesterfield,East Midlands,17.74,48.95,8.77,6.15,15.99,0,0,2.41,13.15,37.82,3.39,1.51,8.10,0,0,0.49,23.39,59.88,16.68,14.89,25.90,0,0,6.85 
E14001166,Chichester,South East,30.51,20.58,31.58,5.12,11.28,0,0,0.93,25.34,15.62,24.28,2.33,6.47,0,0,0.24,36.24,26.63,38.48,9.52,18.06,0,0,2.30 
E14001167,Chingford and Woodford Green,London,31.85,51.11,5.43,0.53,8.37,0,0,2.71,25.53,41.97,1.91,0.06,3.57,0,0,0.59,38.28,59.59,11.26,2.04,15.47,0,0,6.95 
E14001168,Chippenham,South West,28.81,19.70,29.09,5.08,15.50,0,0,1.83,21.39,12.73,17.26,1.27,7.39,0,0,0.40,37.15,28.17,42.40,11.88,25.82,0,0,5.03 
E14001169,Chipping Barnet,London,32.50,49.69,5.08,4.90,6.06,0,0,1.77,25.90,40.27,1.64,1.21,2.64,0,0,0.41,39.26,58.61,10.29,11.97,11.60,0,0,4.97 
E14001171,Christchurch,South West,31.64,25.99,20.58,6.74,13.79,0,0,1.26,23.28,16.06,8.64,1.28,5.49,0,0,0.19,40.54,37.34,34.85,16.58,25.96,0,0,4.66 
E14001172,Cities of London and Westminster,London,29.38,30.99,22.58,10.02,4.98,0,0,2.05,23.53,23.85,14.85,5.09,2.32,0,0,0.58,35.67,39.37,30.53,16.20,9.13,0,0,4.79 
E14001173,City of Durham,North East,14.99,56.85,10.93,3.85,11.96,0,0,1.41,11.33,46.89,4.55,0.85,6.00,0,0,0.27,19.65,66.18,19.36,9.48,20.18,0,0,4.06 
E14001174,Clacton,East of England,29.44,27.59,4.77,6.19,30.73,0,0,1.29,20.92,18.50,1.35,1.59,19.10,0,0,0.19,38.24,37.69,10.63,14.57,44.88,0,0,4.08 
E14001175,Clapham and Brixton Hill,London,11.99,53.07,15.86,8.05,4.82,0,0,6.20,8.57,40.72,6.57,2.19,1.71,0,0,1.68,16.19,65.54,28.24,17.66,9.68,0,0,14.15 
E14001176,Colchester,East of England,27.64,37.23,12.54,6.22,14.13,0,0,2.25,21.02,27.55,5.97,1.70,7.08,0,0,0.53,34.66,46.84,21.67,14.18,24.36,0,0,5.86 
E14001177,Colne Valley,Yorkshire and The Humber,26.19,46.09,2.86,3.37,19.80,0,0,1.68,19.33,35.51,0.65,0.44,10.23,0,0,0.37,33.41,57.17,6.96,10.46,31.03,0,0,5.43 
E14001178,Congleton,North West,30.32,41.20,5.23,10.44,11.51,0,0,1.29,22.87,29.72,1.58,2.55,4.99,0,0,0.25,37.60,52.13,11.60,24.75,21.79,0,0,3.64 
E14001179,Corby and East Northamptonshire,East Midlands,29.21,51.76,2.65,0.36,14.14,0,0,1.88,21.87,42.03,0.73,0.03,6.65,0,0,0.42,37.01,60.98,6.14,1.42,24.78,0,0,5.01 
E14001180,Coventry East,West Midlands,20.08,46.35,8.36,10.40,10.77,0,0,4.03,15.07,34.56,3.04,3.54,5.08,0,0,1.10,26.01,57.51,15.41,20.41,18.45,0,0,9.73 
E14001181,Coventry North West,West Midlands,22.91,55.73,3.21,4.98,11.12,0,0,2.06,17.21,45.57,0.92,1.29,5.24,0,0,0.48,29.36,65.28,6.90,11.65,18.88,0,0,5.55 
E14001182,Coventry South,West Midlands,22.20,52.49,7.69,5.34,10.06,0,0,2.22,16.78,41.70,2.75,1.06,4.47,0,0,0.44,27.98,62.62,15.94,13.34,17.65,0,0,6.21 
E14001183,Cramlington and Killingworth,North East,17.39,46.09,3.88,18.76,11.72,0,0,2.16,12.23,33.12,1.09,7.46,5.35,0,0,0.41,23.30,57.63,9.24,35.54,21.72,0,0,6.60 
E14001184,Crawley,South East,30.30,43.46,3.30,10.73,9.72,0,0,2.48,23.77,33.74,1.04,4.08,4.14,0,0,0.66,37.25,53.82,7.20,21.21,17.58,0,0,6.39 
E14001185,Crewe and Nantwich,North West,29.99,51.42,2.84,4.03,9.87,0,0,1.86,23.16,40.92,0.63,0.70,4.25,0,0,0.41,37.04,61.86,6.93,11.53,18.13,0,0,5.05 
E14001186,Croydon East,London,26.20,46.61,8.85,4.29,14.05,0,0,0,19.84,36.39,3.54,0.79,6.63,0,0,0,32.91,56.64,17.04,11.22,24.27,0,0,0 
E14001187,Croydon South,London,31.36,46.65,5.67,4.78,9.54,0,0,2.00,23.87,36.85,1.71,0.89,3.96,0,0,0.44,38.68,56.49,12.77,12.23,17.66,0,0,5.34 
E14001188,Croydon West,London,19.24,52.21,8.30,7.48,7.49,0,0,5.29,14.74,41.57,3.09,2.15,3.18,0,0,1.44,24.41,62.73,16.09,15.83,14.03,0,0,12.57 
E14001189,Dagenham and Rainham,London,23.74,51.73,3.23,2.10,12.89,0,0,6.32,17.51,41.15,0.83,0.32,6.03,0,0,1.60,30.54,62.09,8.08,6.13,22.83,0,0,15.62 
E14001190,Darlington,North East,27.60,40.40,2.67,12.24,17.09,0,0,0,20.06,29.41,0.74,4.37,8.77,0,0,0,35.93,52.17,6.50,23.21,27.80,0,0,0 
E14001191,Dartford,South East,36.35,33.17,12.13,6.08,12.27,0,0,0,27.95,25.23,5.76,1.81,5.86,0,0,0,44.60,42.20,19.89,12.73,20.80,0,0,0 
E14001192,Daventry,East Midlands,33.79,29.92,10.07,5.97,20.24,0,0,0,24.75,20.56,3.68,1.36,9.86,0,0,0,43.24,40.25,20.18,14.42,34.15,0,0,0 
E14001193,Derby North,East Midlands,26.16,40.84,6.21,5.68,21.11,0,0,0,19.32,30.13,2.06,1.18,11.43,0,0,0,33.79,50.65,13.42,14.63,33.61,0,0,0 
E14001194,Derby South,East Midlands,18.54,48.14,5.08,0.48,22.27,0,0,5.50,13.39,37.81,1.63,0.05,12.03,0,0,1.50,24.85,58.83,10.58,1.76,34.72,0,0,12.89 
E14001195,Derbyshire Dales,East Midlands,28.00,33.42,8.13,15.82,12.95,0,0,1.68,20.95,22.58,2.71,5.74,5.93,0,0,0.37,35.44,44.84,17.13,30.33,22.49,0,0,4.50 
E14001196,Dewsbury and Batley,Yorkshire and The Humber,22.90,43.61,2.45,14.24,11.18,0,0,5.62,16.94,30.94,0.59,5.48,4.37,0,0,1.32,29.59,54.98,7.02,28.04,20.93,0,0,15.44 
E14001197,Didcot and Wantage,South East,27.80,29.53,28.37,2.03,10.47,0,0,1.80,21.15,20.17,16.55,0.28,4.55,0,0,0.37,35.15,39.72,41.59,6.97,19.12,0,0,4.72 
E14001198,Doncaster Central,Yorkshire and The Humber,19.95,46.56,4.64,8.36,17.17,0,0,3.33,14.43,34.23,1.26,1.66,7.62,0,0,0.62,26.29,58.96,11.01,20.18,30.22,0,0,9.34 
E14001199,Doncaster East and the Isle of Axholme,Yorkshire and The Humber,23.03,47.26,3.53,5.66,18.69,0,0,1.84,16.90,35.26,0.91,1.11,9.24,0,0,0.31,29.96,58.60,8.59,15.28,30.76,0,0,5.71 
E14001200,Doncaster North,Yorkshire and The Humber,20.83,69.30,4.40,0.40,0,0,0,5.07,14.35,58.25,1.24,0.03,0,0,0,1.02,28.11,78.43,10.35,1.63,0,0,0,13.57 
E14001201,Dorking and Horley,South East,29.18,15.96,33.05,11.16,10.66,0,0,0,23.76,11.64,26.26,6.07,6.19,0,0,0,34.75,21.30,39.87,18.23,16.58,0,0,0 
E14001202,Dover and Deal,South East,28.11,42.28,3.60,11.66,13.22,0,0,1.12,21.92,32.03,1.12,4.68,6.21,0,0,0.23,35.55,52.13,8.35,22.06,22.04,0,0,3.18 
E14001203,Droitwich and Evesham,West Midlands,38.64,26.49,8.14,8.59,16.87,0,0,1.27,29.54,17.05,2.40,1.31,7.33,0,0,0.20,48.91,36.90,17.37,22.41,29.75,0,0,4.15 
E14001204,Dudley,West Midlands,30.81,44.00,2.35,2.62,18.23,0,0,2.00,22.98,34.95,0.56,0.49,9.81,0,0,0.43,38.50,53.65,6.09,7.52,29.84,0,0,5.14 
E14001205,Dulwich and West Norwood,London,14.65,55.81,1.79,15.57,8.93,0,0,3.25,9.53,38.36,0.34,2.01,3.11,0,0,0.57,20.34,71.22,5.28,36.91,18.18,0,0,10.15 
E14001206,Dunstable and Leighton Buzzard,East of England,29.31,39.66,8.00,7.93,12.98,0,0,2.12,22.84,30.02,2.82,2.36,6.13,0,0,0.46,36.21,50.43,16.07,16.77,22.44,0,0,5.60 
E14001207,Ealing Central and Acton,London,19.44,52.51,10.71,7.41,6.47,0,0,3.45,14.58,40.57,4.07,1.76,2.58,0,0,0.89,25.07,63.38,20.25,17.35,12.41,0,0,9.32 
E14001208,Ealing North,London,19.66,49.62,6.89,13.64,5.45,0,0,4.74,14.91,38.03,2.37,5.28,2.34,0,0,1.32,25.09,61.16,13.33,26.63,10.35,0,0,11.31 
E14001209,Ealing Southall,London,15.75,48.47,11.59,8.59,9.06,0,0,6.54,11.11,35.59,4.68,2.54,3.79,0,0,1.65,21.07,60.10,22.29,18.67,18.11,0,0,15.84 
E14001210,Earley and Woodley,South East,35.93,40.77,14.11,7.04,0,0,0,2.15,27.74,29.98,6.08,1.62,0,0,0,0.42,44.11,51.92,24.45,17.77,0,0,0,6.11 
E14001211,Easington,North East,10.78,49.84,7.61,1.97,27.15,0,0,2.66,7.28,37.79,2.45,0.28,15.77,0,0,0.46,15.22,61.40,16.26,7.04,40.06,0,0,7.42 
E14001212,East Grinstead and Uckfield,South East,38.70,33.00,20.31,6.95,0,0,0,1.04,29.41,22.62,9.07,1.53,0,0,0,0.16,47.90,44.99,33.85,17.00,0,0,0,3.65 
E14001213,East Ham,London,10.63,64.96,2.39,7.93,6.86,0,0,7.24,7.62,53.19,0.66,2.23,2.81,0,0,2.44,14.34,75.66,5.75,17.93,13.23,0,0,15.04 
E14001214,East Hampshire,South East,31.92,22.19,22.42,5.23,17.46,0,0,0.78,24.35,14.53,11.77,1.20,9.19,0,0,0.15,40.80,30.41,34.12,12.07,28.49,0,0,2.18 
E14001215,East Surrey,South East,33.43,31.31,15.16,5.03,13.83,0,0,1.24,26.39,22.73,7.24,1.04,7.21,0,0,0.21,41.15,39.76,24.98,12.42,23.49,0,0,3.68 
E14001216,East Thanet,South East,28.68,36.08,4.11,12.58,17.24,0,0,1.29,21.69,25.84,1.34,5.24,8.57,0,0,0.23,36.71,46.22,8.99,22.83,27.81,0,0,3.59 
E14001217,East Wiltshire,South West,32.75,31.56,15.73,5.81,12.67,0,0,1.48,24.64,21.24,6.03,1.12,5.12,0,0,0.25,41.94,42.56,29.96,15.12,24.28,0,0,4.65 
E14001218,East Worthing and Shoreham,South East,24.27,48.68,4.46,9.56,11.92,0,0,1.11,18.26,37.18,1.36,2.88,5.77,0,0,0.23,30.22,59.94,10.08,20.79,21.69,0,0,3.29 
E14001219,Eastbourne,South East,19.82,10.83,52.84,2.52,12.87,0,0,1.13,14.42,6.78,42.21,0.56,6.29,0,0,0.22,26.09,15.89,62.71,6.83,21.34,0,0,3.19 
E14001220,Eastleigh,South East,29.48,23.56,27.54,5.77,12.45,0,0,1.20,22.52,15.31,16.37,1.37,6.46,0,0,0.26,36.25,32.59,39.46,14.12,20.26,0,0,3.26 
E14001221,Edmonton and Winchmore Hill,London,22.77,51.66,4.67,4.48,10.63,0,0,5.78,17.41,41.32,1.55,1.02,4.67,0,0,1.56,28.71,61.31,9.88,10.82,18.99,0,0,13.00 
E14001222,Ellesmere Port and Bromborough,North West,15.96,57.57,2.64,6.93,14.74,0,0,2.15,11.53,45.76,0.58,1.59,7.42,0,0,0.44,20.89,68.62,6.87,16.32,25.30,0,0,6.06 
E14001223,Eltham and Chislehurst,London,23.28,47.42,5.29,10.97,10.20,0,0,2.83,17.80,35.67,1.71,3.47,4.40,0,0,0.61,29.77,58.70,11.65,23.45,18.04,0,0,8.14 
E14001224,Ely and East Cambridgeshire,East of England,25.89,26.70,28.21,4.06,13.90,0,0,1.25,19.10,18.46,17.65,0.88,6.51,0,0,0.24,33.53,36.88,40.26,9.96,25.27,0,0,3.93 
E14001225,Enfield North,London,27.18,43.22,7.06,9.08,10.24,0,0,3.22,21.58,34.31,3.10,4.15,5.15,0,0,0.95,33.33,51.97,12.71,16.53,17.08,0,0,7.19 
E14001226,Epping Forest,East of England,44.31,39.76,9.78,3.88,0,0,0,2.28,35.06,30.07,3.99,0.60,0,0,0,0.35,53.88,50.12,18.58,10.99,0,0,0,6.53 
E14001227,Epsom and Ewell,South East,29.68,33.33,22.97,3.95,8.74,0,0,1.33,23.09,22.83,11.79,0.77,3.66,0,0,0.25,37.01,44.93,36.11,10.61,16.15,0,0,3.89 
E14001228,Erewash,East Midlands,25.88,46.38,2.79,3.73,18.84,0,0,2.37,18.65,36.59,0.75,0.78,9.90,0,0,0.55,33.31,56.47,6.62,9.58,31.34,0,0,6.30 
E14001229,Erith and Thamesmead,London,22.56,43.39,11.49,6.86,8.91,0,0,6.79,17.13,33.52,5.66,2.15,3.84,0,0,2.01,29.08,53.36,19.96,15.24,16.25,0,0,14.43 
E14001230,Esher and Walton,South East,26.16,10.05,50.32,1.69,10.37,0,0,1.40,19.26,5.62,38.47,0.22,4.95,0,0,0.27,33.51,16.23,61.91,5.83,18.39,0,0,4.06 
E14001231,Exeter,South West,20.22,43.50,0.31,19.37,12.61,0,0,3.98,15.42,33.98,0.06,9.59,6.80,0,0,1.10,25.85,53.22,0.98,30.70,20.32,0,0,9.24 
E14001232,Exmouth and Exeter East,South West,24.14,24.09,10.81,9.19,28.53,0,0,3.25,16.85,15.19,4.19,2.92,16.55,0,0,0.52,32.51,34.40,20.63,18.70,42.52,0,0,9.60 
E14001233,Fareham and Waterlooville,South East,33.25,24.34,26.47,3.92,11.38,0,0,0.64,25.91,16.57,16.39,0.82,5.63,0,0,0.11,41.10,32.62,38.01,10.08,19.15,0,0,1.92 
E14001234,Farnham and Bordon,South East,29.59,20.65,30.13,4.68,14.16,0,0,0.80,21.88,13.13,16.53,0.98,6.63,0,0,0.12,37.88,29.82,44.68,12.04,24.48,0,0,2.74 
E14001235,Faversham and Mid Kent,South East,29.04,28.68,8.25,7.73,23.77,0,0,2.53,20.55,19.63,2.99,1.67,12.63,0,0,0.58,37.67,38.60,15.96,19.34,38.78,0,0,6.77 
E14001236,Feltham and Heston,London,20.94,43.22,7.75,4.95,11.61,0,0,11.52,15.42,31.75,2.90,1.02,5.53,0,0,3.94,27.23,55.05,15.27,13.56,20.17,0,0,22.52 
E14001237,Filton and Bradley Stoke,South West,27.05,44.38,11.23,6.84,10.50,0,0,0,20.23,34.74,4.83,1.61,4.54,0,0,0,33.84,53.96,20.29,17.00,19.72,0,0,0 
E14001238,Finchley and Golders Green,London,27.82,31.81,19.64,12.27,7.27,0,0,1.18,21.41,22.02,9.31,4.00,3.09,0,0,0.17,35.01,42.90,32.32,25.36,13.19,0,0,3.57 
E14001239,Folkestone and Hythe,South East,29.79,39.89,6.14,6.98,15.39,0,0,1.80,22.37,29.47,2.06,1.64,7.47,0,0,0.32,37.62,50.31,13.11,16.78,26.34,0,0,4.91 
E14001240,Forest of Dean,South West,25.17,39.47,0.07,20.48,13.00,0,0,1.82,17.19,27.51,0.01,8.95,5.35,0,0,0.30,33.21,53.09,0.24,36.48,24.21,0,0,5.44 
E14001241,Frome and East Somerset,South West,23.94,27.87,31.07,7.82,8.44,0,0,0.86,18.15,19.21,19.48,2.34,3.52,0,0,0.16,30.35,38.11,43.27,17.43,14.89,0,0,2.52 
E14001242,Fylde,North West,31.96,38.13,6.98,5.85,15.78,0,0,1.30,24.49,28.04,2.29,1.20,7.58,0,0,0.27,39.65,48.91,14.87,15.09,27.21,0,0,3.78 
E14001243,Gainsborough,East Midlands,30.31,29.68,8.92,2.77,27.04,0,0,1.28,22.39,20.51,3.30,0.35,16.34,0,0,0.26,38.50,40.19,17.75,9.04,39.93,0,0,3.44 
E14001244,Gateshead Central and Whickham,North East,16.95,48.36,9.27,5.03,17.73,0,0,2.65,12.46,37.12,3.98,1.43,9.35,0,0,0.62,22.24,57.94,16.79,11.21,28.92,0,0,7.22 
E14001245,Gedling,East Midlands,23.50,45.05,2.78,7.85,18.22,0,0,2.59,17.03,34.75,0.79,2.20,10.06,0,0,0.60,30.40,54.88,6.43,17.96,29.33,0,0,6.78 
E14001246,Gillingham and Rainham,South East,28.61,40.11,2.92,2.14,24.59,0,0,1.63,21.40,31.11,0.81,0.36,13.62,0,0,0.32,36.78,49.46,6.72,5.98,37.74,0,0,4.34 
E14001247,Glastonbury and Somerton,South West,21.81,14.87,45.93,4.15,13.23,0,0,0,14.97,8.81,32.50,0.94,6.00,0,0,0,29.24,21.90,60.39,10.64,23.97,0,0,0 
E14001248,Gloucester,South West,29.16,42.88,6.19,10.37,9.51,0,0,1.89,22.52,33.11,2.26,3.82,4.02,0,0,0.40,36.10,52.29,12.23,19.38,17.95,0,0,5.24 
E14001249,Godalming and Ash,South East,28.21,12.49,44.48,1.96,12.07,0,0,0.78,22.42,7.95,35.07,0.36,6.59,0,0,0.17,34.43,17.94,53.60,5.57,18.97,0,0,2.04 
E14001250,Goole and Pocklington,Yorkshire and The Humber,29.50,30.79,6.06,11.57,21.09,0,0,0.98,21.63,22.24,2.05,3.93,10.99,0,0,0.19,38.08,40.82,13.37,22.90,34.38,0,0,2.98 
E14001251,Gorton and Denton,North West,11.16,64.07,4.27,7.14,8.60,0,0,4.76,8.03,52.13,1.30,1.65,3.76,0,0,1.20,14.94,74.54,9.69,17.46,15.50,0,0,11.44 
E14001252,Gosport,South East,28.39,34.91,6.87,4.16,24.23,0,0,1.44,21.07,25.21,2.33,0.78,13.85,0,0,0.29,36.24,45.80,14.09,10.75,37.20,0,0,4.20 
E14001253,Grantham and Bourne,East Midlands,34.02,30.17,6.11,6.14,21.61,0,0,1.95,25.73,21.96,2.05,1.59,11.84,0,0,0.37,42.52,39.17,12.63,13.59,34.40,0,0,5.96 
E14001254,Gravesham,South East,35.75,39.22,3.40,4.79,16.85,0,0,0,27.21,30.40,0.90,0.90,8.32,0,0,0,44.52,48.63,7.61,12.54,28.60,0,0,0 
E14001255,Great Grimsby and Cleethorpes,Yorkshire and The Humber,29.32,39.65,4.22,2.86,22.65,0,0,1.31,22.17,29.73,1.33,0.50,12.68,0,0,0.24,37.00,49.39,9.03,7.92,35.37,0,0,3.84 
E14001256,Great Yarmouth,East of England,25.41,32.79,2.78,2.96,33.78,0,0,2.27,17.26,23.78,0.80,0.55,21.08,0,0,0.46,33.79,42.47,6.47,7.69,47.83,0,0,6.25 
E14001257,Greenwich and Woolwich,London,16.08,51.91,11.41,11.84,5.20,0,0,3.56,12.03,39.31,4.58,4.56,2.09,0,0,0.90,20.93,63.00,21.68,23.32,9.92,0,0,8.99 
E14001258,Guildford,South East,28.22,16.01,39.99,3.57,11.05,0,0,1.17,23.17,10.94,32.25,1.25,6.47,0,0,0.28,33.63,21.62,47.98,7.70,16.73,0,0,2.69 
E14001259,Hackney North and Stoke Newington,London,10.52,59.84,10.61,8.78,6.87,0,0,3.38,7.45,47.44,4.41,2.67,2.81,0,0,0.87,14.31,70.65,19.95,18.95,13.44,0,0,8.19 
E14001260,Hackney South and Shoreditch,London,8.63,52.99,6.23,23.62,5.59,0,0,2.94,5.87,38.66,2.20,12.19,2.18,0,0,0.64,11.94,65.79,12.81,38.80,10.66,0,0,7.68 
E14001261,Halesowen,West Midlands,30.26,53.72,2.90,2.63,10.48,0,0,0,23.28,44.17,0.79,0.42,4.76,0,0,0,37.72,63.18,7.06,7.59,18.79,0,0,0 
E14001262,Halifax,Yorkshire and The Humber,17.96,49.46,2.92,6.98,21.00,0,0,1.68,12.78,39.10,0.87,2.34,11.99,0,0,0.29,23.76,59.82,6.67,14.78,32.40,0,0,4.71 
E14001263,Hamble Valley,South East,30.54,27.38,21.58,5.78,13.80,0,0,0.93,23.02,18.34,9.94,1.15,5.79,0,0,0.17,38.74,38.39,36.06,15.22,25.61,0,0,2.87 
E14001264,Hammersmith and Chiswick,London,19.97,48.01,9.73,5.02,13.24,0,0,4.02,15.03,37.68,4.11,1.32,6.62,0,0,1.11,25.61,57.96,17.96,11.45,21.87,0,0,9.51 
E14001265,Hampstead and Highgate,London,17.54,44.82,20.52,6.51,6.77,0,0,3.85,12.79,32.36,10.65,1.42,2.71,0,0,0.82,23.42,56.41,31.84,15.70,13.77,0,0,9.91 
E14001266,"Harborough,Oadby and Wigston",East Midlands,28.69,36.46,14.16,7.50,11.10,0,0,2.10,21.76,27.03,5.95,2.03,4.78,0,0,0.49,36.21,46.99,25.28,17.35,19.88,0,0,5.39 
E14001267,Harlow,East of England,35.10,40.28,4.04,3.50,14.48,0,0,2.61,26.72,30.15,1.16,0.68,6.34,0,0,0.50,43.58,50.98,9.14,9.25,25.75,0,0,7.49 
E14001268,Harpenden and Berkhamsted,East of England,28.48,28.07,20.78,6.05,14.55,0,0,2.06,21.25,19.06,10.14,1.16,7.04,0,0,0.32,36.32,38.42,33.52,15.98,24.96,0,0,6.18 
E14001269,Harrogate and Knaresborough,Yorkshire and The Humber,31.22,23.51,34.04,1.50,8.92,0,0,0.82,22.80,14.33,17.87,0.18,3.73,0,0,0.11,40.40,34.07,49.44,5.38,16.77,0,0,2.69 
E14001270,Harrow East,London,38.63,41.41,5.14,2.18,8.38,0,0,4.26,30.81,31.37,1.61,0.34,2.73,0,0,0.95,46.73,51.74,11.30,6.77,16.51,0,0,11.71 
E14001271,Harrow West,London,24.61,48.23,7.02,8.29,6.24,0,0,5.62,19.14,38.06,2.41,2.43,2.56,0,0,1.60,30.82,58.57,13.67,17.68,11.88,0,0,12.49 
E14001272,Hartlepool,North East,12.07,53.17,5.56,0.50,26.01,0,0,2.68,7.99,40.95,1.52,0.04,13.84,0,0,0.33,16.53,64.39,13.09,1.79,39.86,0,0,7.69 
E14001273,Harwich and North Essex,East of England,31.54,36.66,7.89,4.65,19.26,0,0,0,23.73,26.89,2.80,1.41,10.50,0,0,0,40.20,46.58,15.28,10.79,30.86,0,0,0 
E14001274,Hastings and Rye,South East,25.12,56.05,3.68,1.41,11.97,0,0,1.77,18.99,47.13,1.09,0.25,6.23,0,0,0.32,31.86,64.24,8.28,4.26,20.51,0,0,5.16 
E14001275,Havant,South East,32.00,31.97,8.24,8.68,17.83,0,0,1.29,24.17,23.40,3.05,3.22,8.63,0,0,0.25,40.50,40.70,15.35,17.07,30.16,0,0,3.67 
E14001276,Hayes and Harlington,London,21.66,56.65,2.64,5.85,9.27,0,0,3.94,16.25,46.87,0.69,1.69,4.29,0,0,1.13,27.86,66.27,5.92,13.11,16.43,0,0,9.46 
E14001277,Hazel Grove,North West,18.61,26.84,38.59,2.71,12.31,0,0,0.95,12.97,17.02,24.12,0.43,6.24,0,0,0.17,25.20,38.50,52.61,7.64,20.97,0,0,2.84 
E14001278,Hemel Hempstead,East of England,30.74,33.92,11.91,10.58,12.84,0,0,0,23.44,23.60,5.25,3.53,5.79,0,0,0,37.96,43.65,21.06,22.47,22.59,0,0,0 
E14001279,Hendon,London,36.34,42.94,7.06,4.43,7.00,0,0,2.22,28.62,32.91,2.63,0.87,2.78,0,0,0.48,44.58,52.57,13.66,11.69,13.03,0,0,5.93 
E14001280,Henley and Thame,South East,29.89,18.68,33.72,9.96,6.88,0,0,0.88,23.82,12.53,23.91,4.81,3.11,0,0,0.20,36.31,25.61,43.87,17.79,12.61,0,0,2.45 
E14001281,Hereford and South Herefordshire,West Midlands,27.73,26.41,7.90,21.53,15.36,0,0,1.06,19.32,16.49,2.42,8.04,6.65,0,0,0.19,36.81,37.90,16.85,41.97,28.34,0,0,3.46 
E14001282,Herne Bay and Sandwich,South East,30.18,35.88,12.97,4.53,16.45,0,0,0,22.34,25.59,5.26,0.83,8.20,0,0,0,39.18,45.81,25.19,12.08,27.38,0,0,0 
E14001283,Hertford and Stortford,East of England,27.23,37.15,8.12,14.09,9.10,0,0,4.33,21.06,26.94,3.07,5.46,3.70,0,0,1.01,34.33,48.09,16.51,26.23,17.07,0,0,10.94 
E14001284,Hertsmere,East of England,35.89,29.19,7.82,7.40,17.89,0,0,1.82,27.21,19.99,2.80,2.02,8.58,0,0,0.34,44.87,39.25,15.74,17.45,29.51,0,0,5.11 
E14001285,Hexham,North East,41.71,48.27,4.95,4.18,0,0,0,0.89,33.79,38.00,1.43,0.67,0,0,0,0.10,50.51,58.69,11.53,12.60,0,0,0,2.99 
E14001286,Heywood and Middleton North,North West,24.55,53.70,8.47,0,10.19,0,0,3.09,17.82,42.62,2.80,0,4.01,0,0,0.54,31.75,64.48,17.88,0,19.51,0,0,9.19 
E14001287,High Peak,East Midlands,26.55,49.54,4.11,2.74,17.06,0,0,0,19.77,39.60,1.27,0.41,8.23,0,0,0,33.87,59.53,9.20,7.91,29.25,0,0,0 
E14001288,Hinckley and Bosworth,East Midlands,29.32,27.23,17.01,8.96,15.99,0,0,1.49,21.55,18.17,7.42,2.96,7.55,0,0,0.28,37.88,37.89,29.28,18.89,26.75,0,0,4.22 
E14001289,Hitchin,East of England,28.20,32.24,23.21,5.99,8.83,0,0,1.53,21.18,21.42,10.92,1.51,3.49,0,0,0.25,35.38,43.28,36.98,15.17,17.21,0,0,4.84 
E14001290,Holborn and St Pancras,London,13.12,53.85,9.51,13.07,7.04,0,0,3.42,9.47,42.16,3.52,4.69,2.91,0,0,0.75,17.22,64.47,17.97,24.92,13.15,0,0,8.76 
E14001291,Honiton and Sidmouth,South West,27.08,23.91,22.80,5.38,19.56,0,0,1.26,19.55,15.95,12.93,1.24,10.93,0,0,0.20,35.40,32.90,36.01,12.94,30.60,0,0,3.80 
E14001292,Hornchurch and Upminster,London,33.71,35.90,5.91,3.81,17.40,0,0,3.26,25.15,25.37,2.01,0.70,8.02,0,0,0.71,42.91,47.34,12.86,10.04,30.75,0,0,9.32 
E14001293,Hornsey and Friern Barnet,London,12.04,62.78,12.53,6.06,3.89,0,0,2.71,8.72,50.40,4.44,1.45,1.34,0,0,0.57,16.17,73.95,23.73,14.58,8.11,0,0,7.67 
E14001294,Horsham,South East,28.14,19.47,33.63,7.31,10.67,0,0,0.78,21.30,12.69,22.11,2.12,4.66,0,0,0.14,35.45,27.19,45.88,15.80,19.00,0,0,2.47 
E14001295,Houghton and Sunderland South,North East,15.20,47.62,5.67,4.11,27.40,0,0,0,10.18,36.04,1.68,0.58,15.41,0,0,0,21.43,59.45,13.05,11.33,41.74,0,0,0 
E14001296,Hove and Portslade,South East,18.86,61.05,2.84,8.60,7.27,0,0,1.37,13.80,50.25,0.81,2.44,3.31,0,0,0.30,24.13,70.57,6.57,18.83,13.24,0,0,3.62 
E14001297,Huddersfield,Yorkshire and The Humber,22.35,49.87,3.96,9.26,14.56,0,0,0,16.68,39.47,1.22,2.82,7.84,0,0,0,28.49,59.88,8.50,20.59,23.65,0,0,0 
E14001298,Huntingdon,East of England,26.43,41.00,11.62,5.80,13.37,0,0,1.78,20.04,29.59,5.09,1.09,6.48,0,0,0.38,32.94,52.14,21.32,15.16,22.92,0,0,5.00 
E14001299,Hyndburn,North West,27.85,53.39,1.97,3.75,13.04,0,0,0,21.40,42.29,0.44,0.52,6.06,0,0,0,35.10,63.69,5.06,11.92,22.80,0,0,0 
E14001300,Ilford North,London,25.26,51.50,3.89,3.41,6.92,0,0,9.02,19.32,40.62,1.13,0.59,2.64,0,0,2.83,32.46,61.43,8.88,9.40,13.53,0,0,19.53 
E14001301,Ilford South,London,17.19,55.91,6.47,3.16,7.71,0,0,9.56,12.85,44.84,2.38,0.47,3.32,0,0,3.15,22.62,66.30,13.00,9.55,14.41,0,0,20.58 
E14001302,Ipswich,East of England,26.68,40.51,3.51,10.32,15.65,0,0,3.33,20.18,30.31,1.14,3.65,7.79,0,0,0.80,33.48,51.03,8.14,19.92,26.62,0,0,8.47 
E14001303,Isle of Wight East,South East,32.18,33.30,0.73,12.72,19.73,0,0,1.34,23.63,23.02,0.13,4.01,9.75,0,0,0.21,42.18,43.95,2.40,25.09,32.51,0,0,4.14 
E14001304,Isle of Wight West,South East,25.14,37.37,0.28,10.77,25.02,0,0,1.42,17.37,26.03,0.04,1.67,12.95,0,0,0.22,33.91,49.66,0.89,24.46,39.87,0,0,4.65 
E14001305,Islington North,London,10.21,52.12,8.71,11.31,5.54,0,0,12.12,7.06,40.02,2.77,3.15,2.34,0,0,4.70,14.14,64.29,18.12,23.88,10.32,0,0,23.29 
E14001306,Islington South and Finsbury,London,12.82,53.05,12.91,13.55,3.78,0,0,3.89,8.95,40.04,5.71,4.71,1.41,0,0,0.89,17.45,65.10,22.79,27.51,7.88,0,0,10.30 
E14001307,Jarrow and Gateshead East,North East,11.93,50.69,4.54,6.09,24.13,0,0,2.62,8.10,38.97,1.24,1.21,13.51,0,0,0.50,16.78,62.27,10.67,15.86,36.25,0,0,7.38 
E14001308,Keighley and Ilkley,Yorkshire and The Humber,32.18,48.91,2.06,0.55,14.68,0,0,1.62,24.97,39.51,0.49,0.05,7.22,0,0,0.30,40.47,58.50,5.32,2.05,24.02,0,0,4.50 
E14001309,Kenilworth and Southam,West Midlands,32.54,33.67,14.58,6.79,11.12,0,0,1.31,25.19,22.96,6.25,1.59,4.56,0,0,0.22,41.18,45.71,27.24,17.03,20.77,0,0,4.04 
E14001310,Kensington and Bayswater,London,27.74,35.83,11.02,12.73,10.98,0,0,1.71,20.51,25.07,4.02,3.71,4.81,0,0,0.31,35.69,47.24,21.10,25.64,19.99,0,0,4.92 
E14001311,Kettering,East Midlands,29.35,37.65,4.88,10.64,15.16,0,0,2.32,22.43,28.01,1.32,3.56,7.21,0,0,0.60,36.88,46.87,11.13,21.87,25.85,0,0,5.87 
E14001312,Kingston and Surbiton,London,14.67,12.66,54.43,5.58,8.61,0,0,4.05,10.39,7.41,41.74,1.23,4.16,0,0,1.08,19.80,19.69,65.91,13.41,15.86,0,0,9.98 
E14001313,Kingston upon Hull East,Yorkshire and The Humber,14.58,45.88,8.81,3.66,27.07,0,0,0,9.46,34.43,3.10,0.61,15.22,0,0,0,20.31,57.33,18.40,10.79,39.81,0,0,0 
E14001314,Kingston upon Hull North and Cottingham,Yorkshire and The Humber,18.81,42.91,10.59,6.67,18.78,0,0,2.24,13.27,30.33,3.90,1.36,9.16,0,0,0.38,25.04,54.92,20.68,16.87,32.26,0,0,7.40 
E14001315,Kingston upon Hull West and Haltemprice,Yorkshire and The Humber,17.08,51.05,5.55,2.67,21.54,0,0,2.10,12.12,39.41,1.76,0.36,11.82,0,0,0.41,22.66,62.96,12.62,7.91,33.88,0,0,6.09 
E14001316,Kingswinford and South Staffordshire,West Midlands,34.49,30.79,3.84,7.62,21.95,0,0,1.31,25.11,21.40,0.90,2.40,10.99,0,0,0.20,44.50,41.33,9.77,17.24,36.72,0,0,4.30 
E14001317,Knowsley,North West,3.86,76.44,1.38,6.87,8.39,0,0,3.06,2.36,63.09,0.27,1.06,3.25,0,0,0.50,5.70,86.64,4.02,18.96,15.69,0,0,9.60 
E14001318,Lancaster and Wyre,North West,23.24,49.08,3.51,12.03,12.13,0,0,0,16.22,37.69,0.92,4.08,5.74,0,0,0,30.95,59.29,8.57,23.22,21.42,0,0,0 
E14001319,Leeds Central and Headingley,Yorkshire and The Humber,14.13,41.75,13.80,19.91,8.06,0,0,2.36,9.29,28.79,5.47,7.76,3.57,0,0,0.40,19.89,54.89,25.22,35.95,15.00,0,0,7.10 
E14001320,Leeds East,Yorkshire and The Humber,23.52,51.43,5.05,6.14,12.05,0,0,1.81,17.61,39.92,1.53,1.25,5.07,0,0,0.33,30.50,61.80,11.02,16.16,21.11,0,0,5.43 
E14001321,Leeds North East,Yorkshire and The Humber,14.53,66.14,5.14,5.35,7.06,0,0,1.78,10.72,55.40,1.51,1.01,3.41,0,0,0.35,19.36,75.30,11.41,13.76,12.36,0,0,5.05 
E14001322,Leeds North West,Yorkshire and The Humber,21.29,59.15,6.69,3.09,8.58,0,0,1.20,15.75,47.88,2.19,0.49,3.54,0,0,0.22,27.75,69.19,14.46,8.88,16.07,0,0,3.72 
E14001323,Leeds South,Yorkshire and The Humber,20.60,64.62,5.09,6.65,0,0,0,3.04,14.50,52.89,1.23,1.45,0,0,0,0.53,27.64,74.75,12.48,16.95,0,0,0,9.42 
E14001324,Leeds South West and Morley,Yorkshire and The Humber,22.58,50.01,1.73,5.66,18.42,0,0,1.60,16.41,38.60,0.39,1.13,9.36,0,0,0.27,29.11,60.46,4.81,14.78,30.23,0,0,4.85 
E14001325,Leeds West and Pudsey,Yorkshire and The Humber,25.56,47.21,2.96,7.55,13.65,0,0,3.07,19.60,36.87,0.85,1.92,7.02,0,0,0.70,32.26,58.44,6.79,16.84,22.56,0,0,7.55 
E14001326,Leicester East,East Midlands,26.86,41.31,5.61,3.85,13.17,0,0,9.19,19.82,31.33,2.07,1.01,6.69,0,0,3.77,34.68,50.46,11.12,9.24,22.53,0,0,17.73 
E14001327,Leicester South,East Midlands,14.51,48.22,3.72,21.05,6.56,0,0,5.93,10.72,36.49,0.98,9.07,2.63,0,0,1.63,19.24,59.83,9.30,35.22,12.64,0,0,14.41 
E14001328,Leicester West,East Midlands,18.80,53.33,4.49,4.99,14.79,0,0,3.60,13.72,43.82,1.54,1.24,7.66,0,0,0.81,24.30,63.22,9.49,11.64,23.94,0,0,8.99 
E14001329,Leigh and Atherton,North West,20.97,52.39,6.19,1.32,16.78,0,0,2.34,15.72,42.47,2.40,0.18,8.61,0,0,0.53,26.82,62.43,12.18,4.20,26.90,0,0,6.47 
E14001330,Lewes,South East,20.49,13.45,41.75,7.72,15.62,0,0,0.96,15.84,9.65,34.47,4.00,9.98,0,0,0.25,25.83,17.99,48.62,12.66,23.11,0,0,2.38 
E14001331,Lewisham East,London,14.99,58.80,8.32,5.84,8.68,0,0,3.36,11.31,48.18,2.92,1.17,4.23,0,0,0.81,19.83,68.54,17.13,13.98,15.49,0,0,8.33 
E14001332,Lewisham North,London,10.26,58.00,13.08,8.43,6.85,0,0,3.39,7.11,44.75,5.61,2.18,2.74,0,0,0.80,13.95,69.79,23.32,19.83,13.43,0,0,8.83 
E14001333,Lewisham West and East Dulwich,London,11.08,59.54,5.00,16.52,5.09,0,0,2.76,7.88,45.39,1.36,6.18,1.95,0,0,0.57,15.08,72.14,11.50,31.43,10.28,0,0,7.43 
E14001334,Leyton and Wanstead,London,13.57,49.37,6.95,14.61,9.16,0,0,6.34,9.82,36.86,2.43,5.03,4.21,0,0,1.66,17.70,61.48,15.04,28.84,17.24,0,0,15.53 
E14001335,Lichfield,West Midlands,31.29,33.80,9.27,5.38,19.24,0,0,1.02,22.93,22.40,3.19,0.95,8.83,0,0,0.17,40.20,46.07,18.56,14.89,34.99,0,0,2.89 
E14001336,Lincoln,East Midlands,25.14,41.03,4.93,10.87,16.35,0,0,1.67,19.29,31.60,1.91,4.09,9.23,0,0,0.33,31.39,50.46,9.79,20.92,26.96,0,0,4.45 
E14001337,Liverpool Garston,North West,6.74,70.38,5.64,5.70,8.38,0,0,3.15,4.61,57.71,1.54,1.02,3.18,0,0,0.67,9.62,81.21,12.30,16.64,15.65,0,0,9.82 
E14001338,Liverpool Riverside,North West,5.13,74.47,3.25,6.86,6.83,0,0,3.46,3.45,63.61,1.01,1.58,2.89,0,0,0.84,7.27,83.11,7.79,16.20,12.64,0,0,9.09 
E14001339,Liverpool Walton,North West,4.66,78.92,1.88,3.32,9.27,0,0,1.95,3.13,69.60,0.47,0.47,4.47,0,0,0.41,6.78,86.33,4.65,9.45,16.77,0,0,5.52 
E14001340,Liverpool Wavertree,North West,4.96,64.53,9.79,7.34,9.63,0,0,3.74,3.40,52.46,3.74,1.89,4.24,0,0,0.72,6.84,75.74,18.89,17.03,17.50,0,0,10.13 
E14001341,Liverpool West Derby,North West,3.83,59.92,7.01,16.51,10.41,0,0,2.33,2.53,45.86,2.18,5.98,5.00,0,0,0.48,5.44,71.68,15.86,31.48,18.55,0,0,6.34 
E14001342,Loughborough,East Midlands,33.44,41.63,8.01,4.46,12.46,0,0,0,26.15,31.55,3.25,0.75,5.50,0,0,0,41.44,51.35,14.93,12.49,22.23,0,0,0 
E14001343,Louth and Horncastle,East Midlands,35.15,38.61,4.33,0.99,18.90,0,0,2.01,26.47,29.28,1.22,0.13,9.09,0,0,0.43,43.85,48.51,9.52,3.20,31.19,0,0,6.13 
E14001344,Lowestoft,East of England,26.86,39.76,6.95,4.07,22.35,0,0,0,19.76,30.64,2.68,0.84,12.28,0,0,0,34.09,49.50,13.00,9.79,34.87,0,0,0 
E14001345,Luton North,East of England,19.34,49.91,5.69,4.76,9.07,0,0,11.23,14.31,38.07,1.91,0.96,4.30,0,0,3.64,24.91,61.74,12.53,12.88,16.16,0,0,23.79 
E14001346,Luton South and South Bedfordshire,East of England,19.35,42.53,2.27,7.71,15.08,0,0,13.07,14.23,31.69,0.65,2.51,7.25,0,0,5.28,25.24,52.82,5.30,16.12,25.08,0,0,24.60 
E14001347,Macclesfield,North West,27.24,49.06,5.46,5.08,11.61,0,0,1.55,20.78,38.57,1.67,1.10,4.86,0,0,0.31,34.44,59.15,11.96,13.06,21.39,0,0,4.74 
E14001348,Maidenhead,South East,35.63,27.20,29.94,6.14,0,0,0,1.10,26.55,18.23,17.19,1.33,0,0,0,0.14,44.50,37.92,44.88,14.89,0,0,0,3.55 
E14001349,Maidstone and Malling,South East,32.94,36.34,7.21,7.66,14.08,0,0,1.77,25.52,27.41,2.96,2.24,6.76,0,0,0.38,40.28,45.45,13.34,15.88,24.21,0,0,4.57 
E14001350,Makerfield,North West,14.50,57.09,5.08,6.88,13.74,0,0,2.70,10.41,45.63,1.68,1.60,6.23,0,0,0.54,19.37,67.77,11.50,17.45,23.48,0,0,7.56 
E14001351,Maldon,East of England,36.15,23.51,10.75,4.16,25.44,0,0,0,26.12,15.91,4.31,0.87,13.04,0,0,0,46.40,32.78,20.09,10.58,40.34,0,0,0 
E14001352,Manchester Central,North West,12.03,58.31,8.36,8.26,8.43,0,0,4.61,9.07,50.06,4.27,3.92,4.32,0,0,1.62,15.48,65.89,13.50,13.85,13.94,0,0,9.07 
E14001353,Manchester Rusholme,North West,12.98,64.99,0,7.89,10.84,0,0,3.30,7.24,47.71,0,1.09,3.33,0,0,0.29,21.39,79.16,0,21.10,23.93,0,0,11.93 
E14001354,Manchester Withington,North West,7.74,63.33,9.52,9.82,5.48,0,0,4.10,5.17,49.75,3.11,2.26,2.10,0,0,0.86,10.84,75.99,20.20,23.09,10.79,0,0,10.73 
E14001355,Mansfield,East Midlands,30.44,47.10,2.80,0.64,16.13,0,0,2.88,23.29,38.43,0.78,0.06,8.86,0,0,0.73,37.92,55.61,6.74,2.38,25.39,0,0,7.27 
E14001356,Melksham and Devizes,South West,29.26,20.60,21.51,16.99,11.64,0,0,0,21.97,13.15,11.27,6.22,4.63,0,0,0,37.38,29.34,33.32,33.04,21.75,0,0,0 
E14001357,Melton and Syston,East Midlands,30.26,31.88,8.26,7.66,19.43,0,0,2.50,21.92,22.45,2.52,1.78,9.34,0,0,0.54,38.98,42.38,17.24,17.74,32.75,0,0,6.67 
E14001358,Meriden and Solihull East,West Midlands,30.79,27.33,7.08,13.32,21.48,0,0,0,22.37,18.20,2.31,3.83,9.61,0,0,0,39.99,37.57,15.17,29.05,36.31,0,0,0 
E14001359,Mid Bedfordshire,East of England,30.00,36.80,8.03,4.24,17.43,0,0,3.50,23.21,27.31,3.27,0.83,9.15,0,0,0.87,37.27,46.25,15.43,11.07,28.32,0,0,8.59 
E14001360,Mid Buckinghamshire,South East,31.15,31.11,22.80,3.77,10.20,0,0,0.97,23.79,21.03,11.45,0.70,4.29,0,0,0.15,38.79,41.55,34.41,10.71,18.27,0,0,3.01 
E14001361,Mid Cheshire,North West,26.72,46.68,5.86,2.53,16.37,0,0,1.84,20.00,35.59,1.85,0.46,8.28,0,0,0.39,34.77,57.08,12.72,7.25,27.09,0,0,5.58 
E14001362,Mid Derbyshire,East Midlands,29.08,43.58,5.01,7.55,11.88,0,0,2.90,22.28,34.49,1.67,2.06,5.08,0,0,0.69,36.00,53.27,10.43,16.71,21.64,0,0,7.89 
E14001363,Mid Dorset and North Poole,South West,37.07,23.43,32.79,5.87,0,0,0,0.85,27.77,15.29,20.02,1.46,0,0,0,0.14,46.53,33.74,46.42,13.72,0,0,0,2.49 
E14001364,Mid Leicestershire,East Midlands,27.53,26.30,7.60,7.20,31.38,0,0,0,18.50,17.20,2.44,1.66,16.56,0,0,0,37.57,36.96,15.82,17.20,48.05,0,0,0 
E14001365,Mid Norfolk,East of England,32.49,36.91,10.80,0.67,19.12,0,0,0,24.12,26.68,4.17,0.07,9.33,0,0,0,41.24,47.65,20.57,2.47,31.58,0,0,0 
E14001366,Mid Sussex,South East,26.14,30.63,23.58,8.45,10.59,0,0,0.61,21.49,24.57,17.37,4.37,6.00,0,0,0.15,31.16,37.24,29.93,14.49,16.60,0,0,1.44 
E14001367,Middlesbrough and Thornaby East,North East,14.19,53.82,1.97,2.45,23.82,0,0,3.75,10.23,43.33,0.49,0.33,14.69,0,0,0.91,18.96,63.48,4.73,7.24,35.00,0,0,9.73 
E14001368,Middlesbrough South and East Cleveland,North East,36.98,55.93,3.37,2.52,0,0,0,1.20,28.95,46.39,0.92,0.39,0,0,0,0.19,44.97,65.69,7.83,7.27,0,0,0,3.75 
E14001369,Milton Keynes Central,South East,26.97,49.51,6.42,2.53,12.29,0,0,2.28,20.81,40.40,2.32,0.48,5.92,0,0,0.54,33.98,58.47,12.62,6.80,21.08,0,0,5.91 
E14001370,Milton Keynes North,South East,28.52,43.98,10.46,2.41,14.63,0,0,0,21.48,33.88,4.81,0.39,7.29,0,0,0,36.57,53.35,18.59,7.46,24.11,0,0,0 
E14001371,Mitcham and Morden,London,15.59,53.67,13.39,6.11,7.46,0,0,3.78,11.42,42.14,5.82,1.28,3.26,0,0,0.81,20.28,64.87,24.58,15.97,14.05,0,0,9.36 
E14001372,Morecambe and Lunesdale,North West,25.39,47.75,7.27,5.65,13.95,0,0,0,18.59,38.00,2.57,1.47,6.37,0,0,0,32.34,57.16,14.73,13.32,24.39,0,0,0 
E14001373,New Forest East,South East,31.60,24.18,14.34,4.79,23.44,0,0,1.65,23.80,16.83,7.14,1.10,13.55,0,0,0.38,39.91,33.47,23.74,11.64,35.70,0,0,4.60 
E14001374,New Forest West,South East,32.73,24.74,15.54,12.13,14.05,0,0,0.81,24.79,16.46,7.07,4.15,6.92,0,0,0.11,41.01,33.94,26.02,22.95,23.78,0,0,2.61 
E14001375,Newark,East Midlands,25.67,32.86,4.53,9.00,26.93,0,0,1.01,17.76,24.10,1.41,2.62,15.31,0,0,0.18,33.98,42.81,10.14,19.29,41.85,0,0,2.93 
E14001376,Newbury,South East,24.34,12.39,45.04,8.35,9.20,0,0,0.68,17.65,7.75,33.76,3.05,4.25,0,0,0.13,31.81,18.46,56.68,16.66,16.20,0,0,2.02 
E14001377,Newcastle upon Tyne Central and West,North East,17.22,49.89,6.86,8.34,13.55,0,0,4.14,13.19,40.01,2.89,2.77,6.96,0,0,1.27,22.12,59.61,12.68,17.31,22.40,0,0,9.40 
E14001378,Newcastle upon Tyne East and Wallsend,North East,15.41,50.41,6.54,9.06,12.71,0,0,5.87,11.44,39.06,2.21,2.61,6.27,0,0,1.75,19.81,60.65,13.05,18.61,21.91,0,0,13.33 
E14001379,Newcastle upon Tyne North,North East,15.21,63.01,5.49,3.14,10.34,0,0,2.81,11.50,55.04,1.91,0.80,5.58,0,0,0.82,19.57,71.11,10.65,7.98,16.47,0,0,6.83 
E14001380,Newcastle-under-Lyme,West Midlands,29.98,43.93,3.00,6.74,16.34,0,0,0,22.08,32.02,0.73,1.22,7.38,0,0,0,38.41,54.88,7.55,17.87,28.80,0,0,0 
E14001381,Newton Abbot,South West,22.62,33.28,16.88,9.01,17.13,0,0,1.08,16.95,24.74,8.77,2.63,9.62,0,0,0.20,28.94,43.09,26.35,19.70,26.73,0,0,3.33 
E14001382,Newton Aycliffe and Spennymoor,North East,18.79,40.79,4.23,11.17,23.76,0,0,1.26,13.03,28.03,1.06,2.75,12.67,0,0,0.26,25.81,53.21,10.57,26.50,37.64,0,0,3.72 
E14001383,Normanton and Hemsworth,Yorkshire and The Humber,14.48,43.20,9.62,2.99,29.71,0,0,0,9.81,29.55,3.15,0.38,17.04,0,0,0,20.56,57.03,21.14,9.51,44.36,0,0,0 
E14001384,North Bedfordshire,East of England,33.39,34.28,8.50,5.46,18.37,0,0,0,25.77,25.80,3.78,1.10,9.98,0,0,0,41.39,43.84,15.86,13.54,28.50,0,0,0 
E14001385,North Cornwall,South West,23.36,15.86,40.14,0.89,18.92,0,0,0.83,16.76,10.17,29.62,0.11,9.71,0,0,0.14,30.78,22.73,51.21,2.97,30.12,0,0,2.72 
E14001386,North Cotswolds,South West,23.90,23.85,23.09,15.27,12.78,0,0,1.10,16.73,13.69,10.48,5.37,5.26,0,0,0.20,31.86,35.49,39.06,32.19,23.21,0,0,3.55 
E14001387,North Devon,South West,27.33,23.16,23.67,14.52,10.57,0,0,0.75,20.80,15.43,12.60,6.22,4.88,0,0,0.14,34.75,32.80,35.56,26.58,18.62,0,0,2.12 
E14001388,North Dorset,South West,27.67,24.81,30.26,7.33,9.35,0,0,0.58,20.81,17.01,19.35,2.26,4.06,0,0,0.09,34.97,34.78,42.86,15.27,17.31,0,0,1.76 
E14001389,North Durham,North East,13.33,47.21,9.47,3.49,24.96,0,0,1.54,9.46,36.87,3.89,0.79,15.42,0,0,0.30,18.01,56.83,17.36,8.72,35.14,0,0,4.39 
E14001390,North East Cambridgeshire,East of England,32.88,22.31,8.53,10.73,23.83,0,0,1.73,23.42,14.17,2.60,3.19,11.27,0,0,0.26,42.58,32.72,19.27,23.38,39.59,0,0,5.14 
E14001391,North East Derbyshire,East Midlands,28.19,50.36,4.60,5.63,10.04,0,0,1.19,21.51,40.12,1.40,1.45,4.26,0,0,0.23,35.72,60.19,9.99,13.65,18.27,0,0,3.33 
E14001392,North East Hampshire,South East,33.88,24.30,24.98,4.77,11.04,0,0,1.04,26.63,16.42,13.96,0.81,4.99,0,0,0.18,41.83,33.89,37.23,12.57,19.95,0,0,3.26 
E14001393,North East Hertfordshire,East of England,32.95,40.76,9.52,3.79,12.97,0,0,0,26.01,31.10,3.79,0.86,5.96,0,0,0,40.55,51.19,17.91,9.33,23.13,0,0,0 
E14001394,North East Somerset and Hanham,South West,27.52,41.95,13.92,3.59,11.66,0,0,1.35,20.69,31.48,5.65,0.77,5.28,0,0,0.25,35.28,53.20,26.17,9.07,20.18,0,0,4.09 
E14001395,North Herefordshire,West Midlands,30.60,20.81,9.64,24.82,13.49,0,0,0.65,22.40,13.02,3.21,12.74,5.85,0,0,0.11,39.80,29.88,19.30,39.93,24.67,0,0,1.92 
E14001396,North Norfolk,East of England,29.20,16.89,31.49,0.50,21.92,0,0,0,20.53,10.14,19.27,0.05,11.22,0,0,0,38.35,26.08,43.57,2.00,34.53,0,0,0 
E14001397,North Northumberland,North East,28.46,38.61,8.72,4.70,18.51,0,0,1.00,21.00,28.37,3.19,0.92,9.77,0,0,0.15,36.36,49.18,16.83,12.63,30.12,0,0,3.14 
E14001398,North Shropshire,West Midlands,30.68,24.97,19.18,10.41,13.83,0,0,0.92,22.96,16.10,8.76,2.97,6.17,0,0,0.12,39.61,35.86,33.36,22.46,24.96,0,0,2.94 
E14001399,North Somerset,South West,26.70,43.59,9.77,4.79,13.38,0,0,1.77,20.09,33.67,3.36,1.05,6.78,0,0,0.32,33.60,53.44,18.53,11.71,23.24,0,0,5.03 
E14001400,North Warwickshire and Bedworth,West Midlands,35.14,37.90,4.13,4.19,18.64,0,0,0,25.93,27.60,1.06,0.69,8.81,0,0,0,44.45,47.93,10.25,12.90,31.08,0,0,0 
E14001401,North West Cambridgeshire,East of England,32.89,34.74,9.12,12.95,10.31,0,0,0,25.25,25.51,3.60,5.08,4.34,0,0,0,40.94,44.77,16.94,23.38,19.66,0,0,0 
E14001402,North West Essex,East of England,33.05,28.67,19.50,4.39,12.89,0,0,1.50,26.15,20.02,10.56,0.96,6.21,0,0,0.30,41.03,37.67,30.47,10.86,21.33,0,0,4.13 
E14001403,North West Hampshire,South East,32.83,28.43,17.56,5.99,14.23,0,0,0.96,24.51,19.32,8.10,1.29,6.48,0,0,0.16,41.27,39.40,30.73,14.80,25.28,0,0,3.02 
E14001404,North West Leicestershire,East Midlands,30.75,37.91,4.00,11.04,14.31,0,0,1.98,23.42,27.83,1.21,2.85,6.95,0,0,0.45,38.57,48.73,9.02,23.88,25.45,0,0,5.46 
E14001405,North West Norfolk,East of England,24.70,26.72,9.98,4.13,34.47,0,0,0,16.33,17.36,4.00,0.68,21.80,0,0,0,33.43,37.02,19.73,11.64,50.41,0,0,0 
E14001406,Northampton North,East Midlands,30.12,37.32,4.45,9.36,14.95,0,0,3.79,23.06,27.72,1.60,2.85,7.48,0,0,1.08,37.45,46.51,9.61,20.06,24.34,0,0,8.96 
E14001407,Northampton South,East Midlands,27.94,36.81,9.28,9.16,14.56,0,0,2.25,21.05,26.66,3.85,2.71,7.17,0,0,0.44,35.35,47.44,17.09,19.42,23.94,0,0,5.97 
E14001408,Norwich North,East of England,25.10,54.21,3.27,5.03,10.52,0,0,1.86,19.51,44.94,0.98,1.22,5.05,0,0,0.39,31.62,63.18,7.24,12.28,18.30,0,0,5.04 
E14001409,Norwich South,East of England,16.23,53.09,3.93,17.07,6.61,0,0,3.08,11.96,41.29,1.16,7.11,2.86,0,0,0.60,21.40,64.60,8.58,29.79,12.44,0,0,8.29 
E14001410,Nottingham East,East Midlands,14.04,56.09,6.48,10.87,8.92,0,0,3.61,10.55,45.64,2.63,4.09,4.38,0,0,1.01,18.46,65.64,12.18,20.62,15.01,0,0,7.91 
E14001411,Nottingham North and Kimberley,East Midlands,21.32,48.41,5.59,9.08,15.59,0,0,0,15.84,37.73,1.75,2.96,7.94,0,0,0,27.57,58.62,12.10,18.92,26.28,0,0,0 
E14001412,Nottingham South,East Midlands,17.61,48.24,7.66,5.37,13.71,0,0,7.40,12.78,36.70,2.50,1.03,6.92,0,0,2.25,23.06,58.97,16.75,14.41,22.57,0,0,16.64 
E14001413,Nuneaton,West Midlands,27.71,41.79,1.76,9.17,18.19,0,0,1.37,20.28,30.97,0.49,2.79,9.53,0,0,0.30,35.39,52.23,4.17,20.07,29.43,0,0,3.54 
E14001414,Old Bexley and Sidcup,London,35.16,37.52,7.38,4.42,13.64,0,0,1.88,26.83,27.49,2.82,0.76,5.61,0,0,0.36,43.44,47.68,14.95,11.67,25.69,0,0,5.54 
E14001415,Oldham East and Saddleworth,North West,19.84,46.65,3.54,3.13,19.01,0,0,7.82,14.70,36.03,1.00,0.45,10.32,0,0,2.43,25.43,57.19,8.59,8.81,30.24,0,0,17.40 
E14001416,"Oldham West,Chadderton and Royton",North West,15.82,61.34,2.87,1.90,13.20,0,0,4.87,11.53,52.35,0.91,0.34,6.85,0,0,1.52,20.67,69.69,6.57,5.27,21.75,0,0,10.17 
E14001417,Orpington,London,34.83,29.97,13.53,7.05,12.95,0,0,1.67,26.77,20.41,5.66,1.62,5.79,0,0,0.32,43.14,41.33,24.02,17.88,23.24,0,0,4.63 
E14001418,Ossett and Denby Dale,Yorkshire and The Humber,24.61,47.67,3.37,2.23,19.16,0,0,2.95,18.63,37.24,0.95,0.30,9.91,0,0,0.68,31.33,57.09,8.11,7.08,30.28,0,0,8.09 
E14001419,Oxford East,South East,14.97,57.52,10.91,9.32,0,0,0,7.28,10.46,42.59,3.97,2.39,0,0,0,1.52,20.16,70.50,20.72,22.06,0,0,0,18.52 
E14001420,Oxford West and Abingdon,South East,17.87,20.92,49.61,4.60,4.73,0,0,2.28,13.82,14.96,41.05,1.47,2.32,0,0,0.74,22.57,27.36,57.63,9.76,8.16,0,0,4.93 
E14001421,Peckham,London,10.13,53.39,10.11,13.40,9.11,0,0,3.86,6.92,39.92,4.13,4.44,3.86,0,0,0.89,14.02,65.88,19.21,27.93,17.16,0,0,9.74 
E14001422,Pendle and Clitheroe,North West,35.35,40.44,4.84,3.54,14.20,0,0,1.63,27.06,30.21,1.53,0.56,7.07,0,0,0.32,44.33,50.20,10.75,9.90,24.41,0,0,5.12 
E14001423,Penistone and Stocksbridge,Yorkshire and The Humber,21.18,50.94,6.66,0.25,20.98,0,0,0,15.01,38.93,1.84,0.02,10.94,0,0,0,27.95,62.40,15.13,1.12,34.66,0,0,0 
E14001424,Penrith and Solway,North West,27.01,43.83,4.57,10.91,12.39,0,0,1.29,20.85,32.27,1.44,2.94,5.19,0,0,0.22,34.23,54.68,10.28,25.55,21.57,0,0,3.60 
E14001425,Peterborough,East of England,22.78,42.91,3.78,9.96,13.27,0,0,7.29,16.78,32.96,1.00,3.74,6.47,0,0,2.23,29.46,53.63,8.42,19.71,23.13,0,0,16.07 
E14001426,Plymouth Moor View,South West,29.99,48.15,4.40,3.33,14.13,0,0,0,22.91,39.04,1.24,0.56,6.78,0,0,0,37.99,57.67,10.30,9.16,25.14,0,0,0 
E14001427,Plymouth Sutton and Devonport,South West,23.26,55.20,3.13,6.13,10.65,0,0,1.64,17.62,44.96,0.94,1.33,5.05,0,0,0.32,29.50,64.89,7.35,14.69,18.49,0,0,4.35 
E14001428,"Pontefract,Castleford and Knottingley",Yorkshire and The Humber,15.62,51.97,6.14,0.13,22.45,0,0,3.69,10.41,38.62,1.48,0.01,10.58,0,0,0.67,20.90,65.08,14.00,0.53,37.27,0,0,11.38 
E14001429,Poole,South West,26.17,29.14,24.17,5.96,13.27,0,0,1.28,19.26,20.09,12.99,1.39,6.77,0,0,0.23,33.59,39.28,37.05,14.65,22.66,0,0,3.73 
E14001430,Poplar and Limehouse,London,11.92,50.35,17.04,8.89,7.34,0,0,4.46,8.67,38.70,9.27,2.59,3.44,0,0,1.17,15.70,61.67,26.84,19.11,13.01,0,0,10.37 
E14001431,Portsmouth North,South East,34.71,41.71,7.51,2.75,13.31,0,0,0,27.20,32.10,2.96,0.45,6.29,0,0,0,42.73,51.40,14.66,7.67,22.31,0,0,0 
E14001432,Portsmouth South,South East,23.52,48.25,14.03,0.69,10.81,0,0,2.70,18.19,38.96,7.31,0.08,4.81,0,0,0.73,29.37,57.87,22.49,2.39,18.73,0,0,7.07 
E14001433,Preston,North West,17.99,49.84,5.46,6.80,13.84,0,0,6.07,13.26,39.18,2.07,1.83,7.21,0,0,1.94,22.99,59.35,11.01,15.22,23.11,0,0,13.34 
E14001434,Putney,London,27.12,42.63,7.15,14.44,5.26,0,0,3.40,20.87,31.03,2.30,4.49,2.07,0,0,0.79,33.95,54.04,14.87,28.55,10.58,0,0,8.95 
E14001435,Queen's Park and Maida Vale,London,20.16,38.08,22.18,7.42,9.32,0,0,2.83,14.82,25.95,10.91,1.61,3.57,0,0,0.59,26.09,50.25,36.37,18.45,18.26,0,0,7.97 
E14001436,Rawmarsh and Conisbrough,Yorkshire and The Humber,15.04,52.18,4.52,1.57,24.40,0,0,2.29,10.46,40.54,1.17,0.19,13.50,0,0,0.42,20.30,63.76,10.62,5.23,37.76,0,0,6.39 
E14001437,Rayleigh and Wickford,East of England,32.01,35.15,5.16,3.19,24.49,0,0,0,22.90,25.77,1.74,0.53,12.93,0,0,0,41.57,46.04,10.97,8.89,39.25,0,0,0 
E14001438,Reading Central,South East,26.83,48.67,5.63,7.00,7.49,0,0,4.38,20.68,37.49,1.61,1.44,3.04,0,0,1.06,33.73,58.51,12.79,17.27,14.39,0,0,10.78 
E14001439,Reading West and Mid Berkshire,South East,25.34,37.92,9.80,3.46,20.31,0,0,3.17,18.93,28.20,3.79,0.67,11.38,0,0,0.78,32.44,47.48,17.95,9.14,32.19,0,0,7.99 
E14001440,Redcar,North East,20.85,47.55,4.97,4.55,20.50,0,0,1.58,14.82,36.60,1.62,0.85,11.12,0,0,0.34,27.18,57.39,11.05,13.26,32.47,0,0,4.41 
E14001441,Redditch,West Midlands,31.44,42.18,4.98,5.13,15.00,0,0,1.27,23.66,31.08,1.46,0.88,6.60,0,0,0.19,39.77,53.31,11.39,14.77,26.25,0,0,4.17 
E14001442,Reigate,South East,26.51,26.90,21.68,18.36,6.55,0,0,0,19.56,17.55,11.50,8.05,2.50,0,0,0,33.66,36.76,35.22,32.33,13.34,0,0,0 
E14001443,Ribble Valley,North West,30.54,40.98,6.88,3.55,16.85,0,0,1.19,22.94,30.19,2.21,0.67,8.45,0,0,0.22,38.42,51.70,14.95,9.74,29.34,0,0,3.51 
E14001444,Richmond and Northallerton,Yorkshire and The Humber,36.52,29.64,11.41,4.50,17.01,0,0,0.91,27.09,20.45,4.10,0.89,7.91,0,0,0.16,45.70,40.45,21.79,11.58,29.65,0,0,2.66 
E14001445,Richmond Park,London,19.38,7.89,64.72,1.46,4.72,0,0,1.84,12.97,4.05,53.51,0.22,1.54,0,0,0.36,26.74,13.31,75.10,4.72,9.95,0,0,5.53 
E14001446,Rochdale,North West,16.57,49.02,5.94,9.49,12.69,0,0,6.30,12.79,39.48,2.21,3.46,6.97,0,0,2.17,20.83,58.32,12.26,18.72,20.30,0,0,13.71 
E14001447,Rochester and Strood,South East,32.41,35.04,4.16,8.37,17.04,0,0,2.98,24.42,25.13,1.37,2.45,8.51,0,0,0.59,40.52,44.70,8.87,17.96,28.96,0,0,8.17 
E14001448,Romford,London,34.96,36.32,7.01,5.61,13.88,0,0,2.22,27.04,26.56,2.50,1.30,6.38,0,0,0.50,42.86,45.76,14.18,13.62,24.78,0,0,5.73 
E14001449,Romsey and Southampton North,South East,29.92,22.91,34.33,2.59,9.44,0,0,0.82,23.37,15.41,22.36,0.42,4.34,0,0,0.14,37.23,32.18,46.74,7.52,16.59,0,0,2.30 
E14001450,Rossendale and Darwen,North West,27.56,51.34,2.08,6.05,11.68,0,0,1.29,20.83,41.02,0.45,1.37,5.37,0,0,0.26,34.67,61.20,5.61,14.80,21.89,0,0,3.65 
E14001451,Rother Valley,Yorkshire and The Humber,20.02,46.19,5.23,7.27,21.28,0,0,0,13.98,34.46,1.51,1.91,11.72,0,0,0,26.60,57.75,11.51,17.25,33.30,0,0,0 
E14001452,Rotherham,Yorkshire and The Humber,0,54.85,4.86,0.93,37.48,0,0,1.88,0,33.89,0.61,0.04,17.19,0,0,0.11,0,76.54,15.37,3.90,60.15,0,0,8.10 
E14001453,Rugby,West Midlands,32.67,44.42,4.84,6.00,10.13,0,0,1.93,25.46,33.52,1.66,1.73,4.51,0,0,0.44,40.56,53.98,9.99,13.56,18.83,0,0,5.38 
E14001454,"Ruislip,Northwood and Pinner",London,34.22,34.59,10.46,10.87,9.86,0,0,0,25.84,24.55,3.74,3.39,3.99,0,0,0,42.86,45.55,20.98,22.37,18.41,0,0,0 
E14001455,Runcorn and Helsby,North West,18.01,56.92,3.65,4.93,15.09,0,0,1.40,13.44,46.42,1.01,0.93,8.27,0,0,0.30,23.48,66.12,8.10,12.59,23.70,0,0,3.94 
E14001456,Runnymede and Weybridge,South East,29.12,27.51,26.70,6.05,9.15,0,0,1.48,22.09,18.04,14.82,1.19,3.77,0,0,0.29,37.04,38.00,40.00,16.53,17.11,0,0,4.02 
E14001457,Rushcliffe,East Midlands,30.56,47.63,8.94,1.75,9.50,0,0,1.62,23.77,38.10,3.51,0.24,4.04,0,0,0.32,37.71,56.81,16.83,5.52,16.93,0,0,4.53 
E14001458,Rutland and Stamford,East Midlands,32.04,23.90,13.25,11.68,17.61,0,0,1.52,23.90,15.07,5.47,3.48,8.50,0,0,0.28,40.96,33.82,25.49,25.89,29.04,0,0,4.25 
E14001459,Salford,North West,13.49,62.25,4.54,5.54,9.36,0,0,4.81,9.91,51.86,1.48,1.29,4.55,0,0,1.28,17.53,71.78,9.20,12.84,16.00,0,0,11.15 
E14001460,Salisbury,South West,30.28,30.69,21.32,9.00,7.95,0,0,0.75,22.94,20.99,11.19,2.55,3.23,0,0,0.13,37.91,41.36,33.44,19.97,15.26,0,0,2.24 
E14001461,Scarborough and Whitby,Yorkshire and The Humber,29.84,51.51,3.12,0.40,14.13,0,0,1.01,22.32,41.03,0.76,0.03,5.97,0,0,0.16,38.62,61.35,8.14,1.52,25.57,0,0,3.18 
E14001462,Scunthorpe,Yorkshire and The Humber,26.51,48.08,2.32,3.37,18.40,0,0,1.31,19.74,36.94,0.57,0.51,9.48,0,0,0.25,33.70,59.13,5.86,9.89,30.16,0,0,3.71 
E14001463,Sefton Central,North West,14.41,60.48,5.66,9.00,9.16,0,0,1.29,10.51,49.43,1.79,2.71,4.32,0,0,0.22,18.97,70.02,12.51,19.46,15.72,0,0,3.96 
E14001464,Selby,Yorkshire and The Humber,25.24,41.41,4.83,3.32,25.20,0,0,0,17.76,31.67,1.33,0.56,13.90,0,0,0,33.12,51.28,11.02,9.18,39.03,0,0,0 
E14001465,Sevenoaks,South East,29.89,22.06,20.73,5.02,21.40,0,0,0.89,21.40,14.07,10.03,0.94,11.12,0,0,0.13,39.47,31.44,33.66,13.63,34.60,0,0,2.73 
E14001466,Sheffield Brightside and Hillsborough,Yorkshire and The Humber,16.99,61.59,4.88,12.89,0,0,0,3.65,11.87,49.62,1.42,4.79,0,0,0,0.75,23.43,72.23,11.41,24.89,0,0,0,9.59 
E14001467,Sheffield Central,Yorkshire and The Humber,9.37,62.60,10.91,12.02,0,0,0,5.10,5.95,48.68,3.68,3.63,0,0,0,1.06,13.64,74.18,21.43,25.31,0,0,0,13.12 
E14001468,Sheffield Hallam,Yorkshire and The Humber,19.25,50.92,17.48,10.50,0,0,0,1.85,13.69,38.63,7.21,3.43,0,0,0,0.32,25.39,62.96,30.47,21.62,0,0,0,5.82 
E14001469,Sheffield Heeley,Yorkshire and The Humber,17.11,68.84,4.63,7.72,0,0,0,1.71,12.21,57.71,1.32,2.02,0,0,0,0.26,22.60,78.06,10.48,16.79,0,0,0,5.27 
E14001470,Sheffield South East,Yorkshire and The Humber,25.70,63.81,7.39,0.66,0,0,0,2.44,18.92,53.12,2.50,0.06,0,0,0,0.40,33.86,72.67,15.21,2.35,0,0,0,7.37 
E14001471,Sherwood Forest,East Midlands,27.19,45.13,4.32,4.29,17.70,0,0,1.37,20.60,34.20,1.29,0.75,8.35,0,0,0.26,34.17,55.67,9.85,12.15,30.89,0,0,3.82 
E14001472,Shipley,Yorkshire and The Humber,24.81,45.42,6.60,9.71,12.61,0,0,0.85,18.10,35.34,2.41,3.10,5.96,0,0,0.16,32.05,55.61,13.73,20.25,22.78,0,0,2.55 
E14001473,Shrewsbury,West Midlands,24.88,44.74,7.45,4.88,16.63,0,0,1.41,18.63,33.31,2.78,0.76,8.74,0,0,0.30,31.71,55.77,15.27,14.63,27.23,0,0,4.21 
E14001474,Sittingbourne and Sheppey,South East,33.82,34.99,4.26,3.50,17.31,0,0,6.12,25.96,25.98,1.18,0.56,9.60,0,0,1.78,41.84,45.03,9.96,9.73,27.61,0,0,14.07 
E14001475,Skipton and Ripon,Yorkshire and The Humber,35.30,31.83,15.92,5.68,10.41,0,0,0.86,27.32,22.78,7.11,1.20,4.32,0,0,0.16,44.06,43.30,27.81,12.87,19.33,0,0,2.60 
E14001476,Sleaford and North Hykeham,East Midlands,33.35,29.31,10.63,10.00,15.33,0,0,1.38,25.41,21.08,4.69,3.43,7.81,0,0,0.30,41.18,38.58,19.55,20.17,25.76,0,0,3.77 
E14001477,Slough,South East,19.16,39.76,14.67,4.67,9.26,0,0,12.48,13.76,28.00,7.38,1.28,4.12,0,0,4.47,25.24,51.00,24.01,11.36,16.99,0,0,24.46 
E14001478,Smethwick,West Midlands,15.86,51.61,3.57,11.95,13.17,0,0,3.84,11.40,40.03,1.00,3.93,6.21,0,0,0.78,21.20,62.92,8.59,25.78,22.94,0,0,10.33 
E14001479,Solihull West and Shirley,West Midlands,28.94,37.16,7.27,9.45,15.78,0,0,1.41,21.71,27.40,2.28,3.02,7.74,0,0,0.27,36.23,47.72,15.18,19.79,26.16,0,0,4.27 
E14001480,South Basildon and East Thurrock,East of England,25.65,43.52,1.84,0.63,23.93,0,0,4.43,17.86,33.22,0.46,0.08,12.92,0,0,0.93,34.67,55.19,4.91,2.27,37.55,0,0,11.98 
E14001481,South Cambridgeshire,East of England,24.85,24.41,39.60,1.49,8.15,0,0,1.51,18.62,14.79,25.37,0.15,3.57,0,0,0.25,32.20,35.60,54.11,5.77,15.91,0,0,4.56 
E14001482,South Cotswolds,South West,30.35,20.72,29.08,6.90,11.83,0,0,1.11,22.99,12.61,15.80,1.47,5.67,0,0,0.20,38.43,31.62,42.92,16.19,21.71,0,0,3.63 
E14001483,South Derbyshire,East Midlands,28.15,40.94,3.87,7.64,17.32,0,0,2.07,21.14,30.87,1.23,2.32,8.43,0,0,0.46,35.38,50.43,8.76,16.37,28.76,0,0,5.45 
E14001484,South Devon,South West,23.22,23.45,35.49,3.39,13.76,0,0,0.69,16.99,15.68,23.28,0.64,7.06,0,0,0.11,30.31,32.31,47.94,9.88,22.98,0,0,2.18 
E14001485,South Dorset,South West,23.09,31.25,13.12,7.23,24.33,0,0,0.99,16.75,22.15,6.06,2.39,14.79,0,0,0.20,30.06,40.31,22.46,15.32,35.78,0,0,2.92 
E14001486,South East Cornwall,South West,25.21,42.53,8.05,3.87,19.64,0,0,0.71,18.18,32.14,2.54,0.67,10.29,0,0,0.13,33.67,53.47,16.35,10.07,31.72,0,0,2.00 
E14001487,South Holland and The Deepings,East Midlands,34.73,24.25,5.36,5.23,28.01,0,0,2.42,24.63,16.13,1.98,1.02,15.85,0,0,0.55,45.08,33.19,11.04,13.60,42.84,0,0,6.67 
E14001488,South Leicestershire,East Midlands,32.23,31.75,8.57,6.07,21.39,0,0,0,23.95,22.79,2.67,1.77,11.16,0,0,0,40.96,41.23,17.75,13.64,34.12,0,0,0 
E14001489,South Norfolk,East of England,27.90,33.76,7.75,11.75,17.54,0,0,1.31,20.87,23.78,2.97,4.27,8.98,0,0,0.26,35.67,43.46,14.48,23.32,29.03,0,0,4.11 
E14001490,South Northamptonshire,East Midlands,35.40,35.60,7.08,4.65,15.69,0,0,1.58,27.21,26.00,2.38,0.99,7.79,0,0,0.28,44.46,45.27,14.53,11.07,27.04,0,0,4.65 
E14001491,South Ribble,North West,26.64,47.03,4.27,3.62,18.44,0,0,0,19.38,37.01,1.08,0.57,8.63,0,0,0,34.17,57.25,10.31,10.66,31.03,0,0,0 
E14001492,South Shields,North East,9.46,47.27,3.92,13.72,21.19,0,0,4.45,5.94,32.31,0.83,3.85,8.85,0,0,0.38,13.77,61.29,10.84,30.29,35.85,0,0,14.08 
E14001493,South Shropshire,West Midlands,32.48,26.83,15.26,6.25,19.19,0,0,0,24.07,17.89,6.58,1.40,9.38,0,0,0,42.31,37.01,27.86,15.57,32.67,0,0,0 
E14001494,South Suffolk,East of England,24.69,25.75,11.18,12.14,26.24,0,0,0,16.87,17.63,4.75,4.73,14.60,0,0,0,32.99,34.06,19.95,23.34,40.36,0,0,0 
E14001495,South West Devon,South West,27.46,33.28,6.63,7.33,24.37,0,0,0.93,21.03,23.84,2.30,2.16,14.19,0,0,0.17,34.74,43.25,13.81,15.76,36.27,0,0,2.66 
E14001496,South West Hertfordshire,East of England,25.09,28.20,12.31,9.04,20.22,0,0,5.14,18.48,19.23,5.72,2.04,10.80,0,0,1.06,32.18,38.69,20.96,21.40,32.32,0,0,14.17 
E14001497,South West Norfolk,East of England,33.47,35.17,5.26,6.81,13.18,0,0,6.11,25.58,25.79,1.84,1.70,6.04,0,0,1.71,42.34,45.76,10.72,15.02,23.30,0,0,14.72 
E14001498,South West Wiltshire,South West,29.89,30.64,11.32,6.53,19.80,0,0,1.82,22.55,22.06,4.61,1.65,11.14,0,0,0.41,38.35,40.21,21.03,15.08,31.11,0,0,5.30 
E14001499,Southampton Itchen,South East,29.55,50.67,2.61,3.55,10.36,0,0,3.25,22.90,40.91,0.81,0.72,4.67,0,0,0.79,36.50,59.93,5.96,8.85,18.14,0,0,8.51 
E14001500,Southampton Test,South East,23.10,50.49,7.04,5.66,11.02,0,0,2.70,17.45,40.55,2.33,1.26,5.13,0,0,0.59,29.34,60.46,14.53,14.95,19.90,0,0,7.17 
E14001501,Southend East and Rochford,East of England,32.37,43.65,7.73,1.98,11.23,0,0,3.05,25.14,33.77,3.13,0.39,5.27,0,0,0.70,40.07,53.32,14.95,5.59,19.94,0,0,7.71 
E14001502,Southend West and Leigh,East of England,31.58,39.77,7.46,1.84,15.86,0,0,3.50,23.93,29.46,2.20,0.24,7.53,0,0,0.75,39.39,49.72,16.67,6.50,27.81,0,0,9.61 
E14001503,Southgate and Wood Green,London,19.00,48.96,12.27,10.92,4.98,0,0,3.86,14.42,36.57,4.85,3.05,1.91,0,0,0.87,24.45,61.11,22.67,23.49,9.98,0,0,10.53 
E14001504,Southport,North West,26.61,47.89,9.00,3.27,11.52,0,0,1.71,20.43,37.47,3.78,0.50,5.49,0,0,0.33,33.23,58.15,16.85,10.00,20.32,0,0,4.87 
E14001505,Spelthorne,South East,30.37,29.99,22.61,5.22,9.72,0,0,2.10,23.26,19.77,11.01,0.93,4.38,0,0,0.39,39.09,41.77,36.50,14.70,18.24,0,0,6.11 
E14001506,Spen Valley,Yorkshire and The Humber,21.51,52.28,3.74,5.11,15.42,0,0,1.94,15.57,40.28,0.97,0.87,7.19,0,0,0.40,28.24,63.48,8.80,14.78,27.50,0,0,5.02 
E14001507,St Albans,East of England,18.73,15.35,45.45,6.69,8.58,0,0,5.21,12.81,8.57,29.88,1.55,3.66,0,0,1.34,25.70,24.59,60.36,16.24,16.15,0,0,13.63 
E14001508,St Austell and Newquay,South West,25.94,40.09,9.48,8.59,14.57,0,0,1.33,18.97,30.19,3.33,2.50,7.04,0,0,0.28,33.11,50.71,18.50,19.41,25.28,0,0,3.62 
E14001509,St Helens North,North West,11.72,58.00,5.14,6.10,14.17,0,0,4.88,8.38,46.32,1.54,1.11,6.51,0,0,1.17,15.68,68.86,11.50,15.61,24.12,0,0,12.85 
E14001510,St Helens South and Whiston,North West,8.36,64.63,4.18,8.59,11.12,0,0,3.12,5.68,51.44,1.24,2.02,4.81,0,0,0.56,11.45,75.87,9.41,19.13,20.89,0,0,8.89 
E14001511,St Ives,South West,23.07,16.98,45.07,4.51,9.71,0,0,0.66,16.21,10.09,31.18,0.93,4.50,0,0,0.10,30.79,26.34,58.19,11.86,17.60,0,0,2.25 
E14001512,St Neots and Mid Cambridgeshire,East of England,24.47,26.27,29.69,7.31,10.56,0,0,1.70,17.73,17.05,14.47,1.52,4.62,0,0,0.31,32.32,37.17,45.55,18.77,19.76,0,0,5.08 
E14001513,Stafford,West Midlands,24.43,47.87,2.81,6.73,17.15,0,0,1.01,18.04,36.80,0.71,1.54,8.15,0,0,0.17,31.87,58.74,7.16,16.49,30.69,0,0,3.09 
E14001514,Staffordshire Moorlands,West Midlands,27.73,38.37,3.41,5.48,25.02,0,0,0,19.56,27.44,0.92,1.01,13.35,0,0,0,36.66,49.47,8.21,14.69,39.73,0,0,0 
E14001515,Stalybridge and Hyde,North West,16.64,49.11,2.98,11.37,18.00,0,0,1.90,12.01,37.81,0.81,3.13,9.73,0,0,0.42,21.75,60.01,7.50,23.68,27.64,0,0,5.00 
E14001516,Stevenage,East of England,29.22,40.30,7.56,3.65,15.74,0,0,3.53,22.14,29.76,2.68,0.74,7.32,0,0,0.91,37.07,50.62,15.83,9.85,27.44,0,0,9.62 
E14001517,Stockport,North West,12.29,47.08,6.52,18.51,13.37,0,0,2.23,9.01,36.27,2.49,8.58,7.08,0,0,0.60,16.09,57.56,12.18,31.07,21.45,0,0,5.87 
E14001518,Stockton North,North East,23.12,47.80,6.20,0.64,22.24,0,0,0,17.04,37.79,2.14,0.07,12.63,0,0,0,30.10,57.56,12.78,2.36,33.70,0,0,0 
E14001519,Stockton West,North East,28.22,53.24,2.54,0.96,11.48,0,0,3.57,21.20,42.61,0.69,0.10,4.94,0,0,0.78,35.68,62.80,6.03,3.47,20.68,0,0,9.83 
E14001520,Stoke-on-Trent Central,West Midlands,22.29,48.07,2.28,3.47,21.68,0,0,2.21,16.35,38.16,0.75,0.90,13.00,0,0,0.56,28.85,58.15,5.33,8.35,32.11,0,0,5.78 
E14001521,Stoke-on-Trent North,West Midlands,27.50,45.28,2.62,2.91,19.44,0,0,2.26,20.66,34.62,0.74,0.42,9.72,0,0,0.47,35.02,56.80,6.41,9.10,32.66,0,0,6.27 
E14001522,Stoke-on-Trent South,West Midlands,30.04,41.22,2.52,5.31,19.65,0,0,1.26,21.97,30.16,0.67,1.32,8.87,0,0,0.22,38.94,51.90,6.03,12.93,33.70,0,0,3.73 
E14001523,"Stone,Great Wyrley and Penkridge",West Midlands,41.83,50.78,3.09,3.50,0,0,0,0.80,31.54,39.65,0.84,0.55,0,0,0,0.12,51.60,61.52,7.52,9.66,0,0,0,2.82 
E14001524,Stourbridge,West Midlands,28.38,36.57,6.42,7.97,19.44,0,0,1.22,21.01,26.10,1.88,2.02,9.97,0,0,0.22,36.02,47.17,13.85,18.45,32.55,0,0,3.74 
E14001525,Stratford and Bow,London,10.68,61.38,6.84,7.74,5.43,0,0,7.91,7.79,49.51,2.56,2.04,1.99,0,0,2.19,14.43,72.36,13.08,17.25,10.60,0,0,18.14 
E14001526,Stratford-on-Avon,West Midlands,30.43,20.53,28.92,10.08,9.29,0,0,0.75,22.58,12.04,15.95,3.12,3.83,0,0,0.13,38.74,30.39,43.95,22.34,17.63,0,0,2.42 
E14001527,Streatham and Croydon North,London,12.06,53.36,17.55,6.19,6.75,0,0,4.09,8.78,42.44,8.99,1.81,2.78,0,0,1.09,16.14,64.69,28.48,13.45,12.86,0,0,9.36 
E14001528,Stretford and Urmston,North West,15.97,62.46,3.31,5.50,10.21,0,0,2.54,11.62,51.78,0.88,1.44,4.26,0,0,0.54,21.10,72.51,8.20,13.32,19.37,0,0,6.48 
E14001529,Stroud,South West,25.70,44.03,1.00,20.04,7.16,0,0,2.08,18.58,31.13,0.20,7.57,2.70,0,0,0.34,33.47,56.28,2.76,36.02,13.70,0,0,6.62 
E14001530,Suffolk Coastal,East of England,29.96,35.47,13.10,8.63,12.83,0,0,0,22.64,24.43,4.94,2.44,5.22,0,0,0,37.85,46.91,24.70,18.91,24.32,0,0,0 
E14001531,Sunderland Central,North East,14.53,51.59,5.32,3.36,25.21,0,0,0,10.03,41.63,1.70,0.64,14.75,0,0,0,20.45,62.16,11.34,9.10,37.86,0,0,0 
E14001532,Surrey Heath,South East,36.53,16.91,30.62,5.82,8.71,0,0,1.41,30.76,11.81,23.55,2.31,4.81,0,0,0.39,43.24,22.47,37.95,11.17,14.34,0,0,3.10 
E14001533,Sussex Weald,South East,26.28,26.59,20.37,11.34,14.57,0,0,0.85,19.26,18.30,9.89,3.99,6.65,0,0,0.16,33.30,36.45,32.76,21.85,26.91,0,0,2.61 
E14001534,Sutton and Cheam,London,25.73,22.87,31.12,8.92,9.89,0,0,1.48,19.32,14.96,18.41,2.54,4.19,0,0,0.25,33.23,32.62,44.11,18.88,18.67,0,0,4.44 
E14001535,Sutton Coldfield,West Midlands,26.62,39.77,4.94,6.48,21.38,0,0,0.80,18.63,28.99,1.42,1.94,11.07,0,0,0.14,34.61,51.27,10.71,14.87,35.42,0,0,2.25 
E14001536,Swindon North,South West,30.77,40.95,5.31,4.12,17.03,0,0,1.82,23.08,29.48,1.57,0.63,7.68,0,0,0.32,39.46,51.46,11.67,12.13,29.35,0,0,5.22 
E14001537,Swindon South,South West,28.85,48.18,7.95,2.71,10.35,0,0,1.96,21.97,39.01,3.21,0.52,4.86,0,0,0.40,36.43,58.22,16.01,7.73,17.78,0,0,5.18 
E14001538,Tamworth,West Midlands,36.68,37.84,4.45,3.59,16.03,0,0,1.41,28.50,27.06,1.16,0.59,7.26,0,0,0.24,45.43,48.89,10.75,10.42,28.84,0,0,4.14 
E14001539,Tatton,North West,29.90,34.13,8.05,10.00,17.93,0,0,0,21.65,24.45,2.75,3.17,9.30,0,0,0,38.50,44.09,16.17,20.69,29.96,0,0,0 
E14001540,Taunton and Wellington,South West,24.12,15.99,46.14,0.43,12.43,0,0,0.90,16.93,9.63,32.91,0.04,5.62,0,0,0.18,31.94,24.48,59.40,1.56,22.31,0,0,2.84 
E14001541,Telford,West Midlands,30.01,45.80,6.66,0.43,17.10,0,0,0,22.93,34.75,2.36,0.04,8.22,0,0,0,38.16,56.68,14.34,1.71,29.85,0,0,0 
E14001542,Tewkesbury,South West,27.65,23.74,23.59,14.07,9.40,0,0,1.56,20.94,14.46,11.32,5.10,4.19,0,0,0.28,35.20,34.55,37.98,28.19,17.91,0,0,4.50 
E14001543,The Wrekin,West Midlands,34.46,39.44,4.14,6.88,13.89,0,0,1.18,25.63,28.58,1.06,1.49,5.61,0,0,0.21,43.34,50.65,9.56,17.21,26.39,0,0,3.75 
E14001544,Thirsk and Malton,Yorkshire and The Humber,32.35,28.88,13.03,7.85,16.93,0,0,0.97,23.35,18.39,4.27,1.22,7.58,0,0,0.15,41.18,40.88,26.42,21.34,29.83,0,0,3.30 
E14001545,Thornbury and Yate,South West,26.70,21.46,36.92,0.59,14.33,0,0,0,19.49,13.16,24.54,0.07,6.34,0,0,0,34.25,31.37,50.55,2.16,25.84,0,0,0 
E14001546,Thurrock,East of England,30.78,39.82,3.38,5.93,14.91,0,0,5.17,23.46,29.63,1.02,1.37,7.48,0,0,1.31,38.36,50.14,7.95,14.57,24.64,0,0,12.29 
E14001547,Tipton and Wednesbury,West Midlands,21.93,53.55,1.81,3.17,17.24,0,0,2.30,15.82,41.93,0.43,0.50,8.29,0,0,0.49,28.28,64.32,5.05,9.61,28.26,0,0,6.53 
E14001548,Tiverton and Minehead,South West,28.71,21.94,30.31,8.96,10.08,0,0,0,21.25,14.50,18.82,2.40,4.84,0,0,0,37.07,30.17,43.13,19.60,17.85,0,0,0 
E14001549,Tonbridge,South East,34.90,26.47,13.79,13.05,10.50,0,0,1.28,27.06,17.72,5.74,4.21,4.44,0,0,0.21,43.70,35.95,25.24,25.92,20.69,0,0,4.06 
E14001550,Tooting,London,22.63,60.68,4.71,5.16,3.99,0,0,2.83,17.22,50.75,1.49,1.26,1.46,0,0,0.69,28.25,70.34,10.18,12.17,8.67,0,0,7.90 
E14001551,Torbay,South West,26.04,25.18,28.26,4.18,15.53,0,0,0.81,18.80,17.36,15.72,0.86,7.46,0,0,0.14,33.75,34.06,41.57,10.24,26.18,0,0,2.52 
E14001552,Torridge and Tavistock,South West,27.05,35.74,15.48,7.16,13.88,0,0,0.69,19.87,24.48,6.10,1.92,6.68,0,0,0.13,34.05,47.44,27.71,17.51,24.30,0,0,2.07 
E14001553,Tottenham,London,7.85,65.81,10.95,8.13,3.95,0,0,3.32,5.64,54.11,5.02,2.30,1.51,0,0,0.87,10.54,76.19,19.12,17.31,8.05,0,0,7.92 
E14001554,Truro and Falmouth,South West,25.68,46.68,12.54,6.51,7.66,0,0,0.93,19.87,36.94,5.71,1.79,3.12,0,0,0.15,32.46,57.07,22.14,14.67,14.41,0,0,2.86 
E14001555,Tunbridge Wells,South East,30.21,24.38,28.75,0.45,15.21,0,0,0.99,22.79,15.67,16.61,0.04,7.10,0,0,0.20,38.43,34.43,41.47,1.78,27.22,0,0,2.82 
E14001556,Twickenham,London,19.09,17.30,51.14,1.45,8.58,0,0,2.44,13.11,10.28,36.88,0.14,4.03,0,0,0.57,26.35,26.09,63.24,5.06,15.70,0,0,6.16 
E14001557,Tynemouth,North East,23.64,48.84,3.54,8.28,14.31,0,0,1.39,17.81,37.79,1.03,1.92,6.93,0,0,0.29,30.64,59.46,7.96,18.89,24.03,0,0,3.92 
E14001558,Uxbridge and South Ruislip,London,33.63,40.01,4.90,4.82,13.39,0,0,3.24,26.27,30.70,1.66,1.34,6.35,0,0,0.76,41.51,49.99,10.03,11.04,23.20,0,0,8.64 
E14001559,Vauxhall and Camberwell Green,London,13.85,45.26,11.41,20.74,5.27,0,0,3.46,9.79,32.88,4.63,9.41,2.02,0,0,0.79,19.00,58.16,21.22,36.95,10.51,0,0,9.21 
E14001560,Wakefield and Rothwell,Yorkshire and The Humber,26.72,54.78,2.35,2.66,12.07,0,0,1.43,20.55,44.79,0.57,0.35,5.63,0,0,0.28,33.65,64.62,6.19,8.01,20.70,0,0,4.33 
E14001561,Wallasey,North West,14.08,64.58,2.13,8.88,8.67,0,0,1.67,9.84,53.02,0.49,2.12,3.62,0,0,0.33,18.87,74.69,5.78,21.14,16.33,0,0,4.73 
E14001562,Walsall and Bloxwich,West Midlands,31.12,44.75,1.87,2.87,16.67,0,0,2.72,23.95,35.30,0.46,0.54,8.49,0,0,0.60,38.98,54.13,4.52,7.85,27.00,0,0,7.56 
E14001563,Walthamstow,London,7.97,70.79,4.12,6.68,5.51,0,0,4.93,5.61,58.39,1.05,1.78,2.25,0,0,1.17,10.74,80.26,9.56,15.95,10.80,0,0,11.86 
E14001564,Warrington North,North West,17.88,50.54,5.85,9.75,14.39,0,0,1.58,13.44,40.77,2.12,3.77,7.79,0,0,0.33,22.90,60.08,11.83,18.93,23.15,0,0,4.31 
E14001565,Warrington South,North West,26.22,59.87,3.39,0.01,8.71,0,0,1.80,20.51,50.78,0.90,0,3.93,0,0,0.35,33.29,68.87,7.67,0.03,16.26,0,0,5.14 
E14001566,Warwick and Leamington,West Midlands,25.59,54.81,4.89,5.81,6.99,0,0,1.90,19.42,44.05,1.41,1.23,2.68,0,0,0.39,32.29,65.13,11.32,14.20,14.68,0,0,5.48 
E14001567,Washington and Gateshead South,North East,14.48,44.54,7.51,4.09,26.74,0,0,2.64,9.78,33.90,2.32,0.76,14.93,0,0,0.54,19.25,55.33,15.81,11.06,40.05,0,0,7.23 
E14001568,Watford,East of England,29.72,38.11,14.95,3.18,9.66,0,0,4.38,21.94,26.39,7.22,0.46,3.96,0,0,0.82,37.95,49.90,26.12,9.65,18.20,0,0,11.69 
E14001569,Waveney Valley,East of England,25.39,30.10,5.76,14.34,22.65,0,0,1.76,18.16,21.62,1.74,6.17,12.07,0,0,0.34,33.13,39.80,12.18,25.22,35.30,0,0,4.96 
E14001570,Weald of Kent,South East,29.88,25.78,13.39,12.99,17.97,0,0,0,21.73,17.11,5.60,4.29,8.40,0,0,0,38.30,35.74,24.00,26.07,31.49,0,0,0 
E14001571,Wellingborough and Rushden,East Midlands,31.31,39.81,5.19,6.41,15.49,0,0,1.79,23.47,29.39,1.62,1.52,7.47,0,0,0.36,39.87,51.00,11.22,15.54,26.99,0,0,5.21 
E14001572,Wells and Mendip Hills,South West,26.44,23.53,33.84,4.98,9.88,0,0,1.32,19.62,14.90,19.51,0.90,3.82,0,0,0.27,34.18,34.09,47.87,13.04,18.99,0,0,4.25 
E14001573,Welwyn Hatfield,East of England,31.09,39.69,7.59,6.59,15.03,0,0,0,23.82,29.17,2.62,1.40,7.67,0,0,0,38.61,49.78,14.98,15.49,26.20,0,0,0 
E14001574,West Bromwich,West Midlands,26.24,44.99,2.26,5.11,17.27,0,0,4.14,19.20,33.26,0.51,1.05,8.52,0,0,0.96,34.21,56.43,5.79,13.32,28.68,0,0,10.42 
E14001575,West Dorset,South West,34.11,22.74,37.14,5.38,0,0,0,0.63,26.27,15.45,24.86,1.34,0,0,0,0.08,42.54,31.65,49.59,12.24,0,0,0,2.08 
E14001576,West Ham and Beckton,London,12.45,58.77,7.45,6.54,6.26,0,0,8.54,9.05,44.89,2.79,1.50,2.36,0,0,2.31,16.65,71.11,15.69,16.20,12.55,0,0,19.69 
E14001577,West Lancashire,North West,19.22,61.10,2.56,2.93,14.20,0,0,0,14.25,51.77,0.68,0.45,7.28,0,0,0,24.95,69.47,6.05,8.54,23.13,0,0,0 
E14001578,West Suffolk,East of England,31.25,29.13,8.14,11.60,17.52,0,0,2.36,22.67,19.35,2.98,3.27,8.35,0,0,0.40,39.81,40.66,16.36,24.81,29.94,0,0,7.11 
E14001579,West Worcestershire,West Midlands,25.53,32.51,9.75,24.97,6.65,0,0,0.59,18.38,21.15,3.31,11.51,2.42,0,0,0.10,32.50,44.68,18.91,42.68,13.07,0,0,1.98 
E14001580,Westmorland and Lonsdale,North West,24.54,20.01,35.50,5.70,13.38,0,0,0.86,17.52,11.89,21.02,1.17,6.07,0,0,0.15,32.60,29.76,50.85,14.34,24.13,0,0,2.64 
E14001581,Weston-super-Mare,South West,23.70,41.60,8.35,7.86,18.49,0,0,0,17.47,31.62,3.19,2.04,9.51,0,0,0,30.82,52.42,16.07,17.99,30.68,0,0,0 
E14001582,Wetherby and Easingwold,Yorkshire and The Humber,38.86,36.34,6.79,16.60,0.41,0,0,1.00,29.73,24.31,2.04,5.20,0.13,0,0,0.16,47.80,49.01,15.64,35.41,1.00,0,0,2.99 
E14001583,Whitehaven and Workington,North West,26.33,53.20,2.37,2.37,15.73,0,0,0,19.25,42.60,0.65,0.29,7.10,0,0,0,33.97,62.89,5.98,8.24,27.77,0,0,0 
E14001584,Widnes and Halewood,North West,10.03,66.00,4.25,6.80,10.41,0,0,2.51,7.12,53.60,1.22,1.32,4.62,0,0,0.50,13.67,76.33,10.12,18.13,18.48,0,0,7.01 
E14001585,Wigan,North West,13.37,56.63,6.05,3.32,18.37,0,0,2.26,9.39,46.09,2.14,0.54,10.54,0,0,0.50,17.72,67.61,12.53,9.45,28.30,0,0,6.29 
E14001586,Wimbledon,London,22.48,30.55,35.22,2.92,7.13,0,0,1.70,18.21,24.21,27.80,0.95,3.98,0,0,0.59,27.38,37.09,42.54,6.41,11.29,0,0,3.49 
E14001587,Winchester,South East,28.02,10.57,43.62,10.13,6.90,0,0,0.76,20.63,6.12,30.19,3.28,2.87,0,0,0.14,35.87,16.16,56.37,20.96,13.36,0,0,2.34 
E14001588,Windsor,South East,33.44,27.38,14.60,13.92,8.58,0,0,2.08,26.17,18.00,5.60,4.75,3.61,0,0,0.45,41.41,38.05,27.49,26.78,16.43,0,0,5.97 
E14001589,Wirral West,North West,24.47,55.96,2.94,7.22,9.41,0,0,0,18.68,45.90,0.74,2.16,4.27,0,0,0,31.38,65.21,7.27,15.50,17.00,0,0,0 
E14001590,Witham,East of England,33.89,31.48,8.35,7.03,17.43,0,0,1.82,25.92,22.26,3.34,1.76,8.96,0,0,0.39,43.09,41.23,15.73,16.00,28.91,0,0,5.22 
E14001591,Witney,South East,28.50,24.11,38.26,0.65,7.26,0,0,1.22,20.90,14.94,23.83,0.06,3.03,0,0,0.23,36.67,34.61,52.96,2.48,14.41,0,0,3.54 
E14001592,Woking,South East,23.05,16.51,45.62,3.79,8.98,0,0,2.05,18.30,11.60,37.46,1.06,4.95,0,0,0.69,28.42,22.66,53.75,8.51,14.47,0,0,4.43 
E14001593,Wokingham,South East,29.10,21.16,34.85,3.90,11.00,0,0,0,21.60,13.36,21.91,0.70,5.30,0,0,0,37.43,30.65,48.04,10.70,19.20,0,0,0 
E14001594,Wolverhampton North East,West Midlands,27.83,49.55,2.16,2.27,18.20,0,0,0,20.84,38.62,0.50,0.38,9.56,0,0,0,35.80,60.27,5.47,6.80,29.01,0,0,0 
E14001595,Wolverhampton South East,West Midlands,22.35,53.89,2.26,5.04,12.36,0,0,4.09,16.85,43.75,0.50,1.25,5.32,0,0,1.03,28.74,63.77,5.87,12.59,22.23,0,0,10.57 
E14001596,Wolverhampton West,West Midlands,31.47,50.32,2.80,1.89,11.50,0,0,2.02,24.45,40.06,0.79,0.28,5.70,0,0,0.47,39.65,59.34,6.78,6.26,19.30,0,0,5.52 
E14001597,Worcester,West Midlands,25.32,44.20,7.47,10.65,9.85,0,0,2.51,19.01,33.34,2.47,3.70,4.32,0,0,0.62,32.49,54.30,15.00,21.48,17.89,0,0,7.13 
E14001598,Worsley and Eccles,North West,20.15,54.64,7.17,4.01,10.11,0,0,3.92,15.16,42.69,2.35,0.76,4.28,0,0,0.95,25.95,65.51,16.20,11.37,18.80,0,0,10.48 
E14001599,Worthing West,South East,26.35,40.32,9.78,10.41,11.99,0,0,1.13,19.90,30.26,4.04,3.88,5.75,0,0,0.20,33.67,50.25,18.74,20.22,21.18,0,0,3.19 
E14001600,Wycombe,South East,27.79,40.12,8.94,11.45,7.79,0,0,3.91,21.14,29.99,3.18,4.23,3.48,0,0,0.96,35.12,51.07,17.51,22.04,14.37,0,0,10.46 
E14001601,Wyre Forest,West Midlands,32.81,33.43,4.83,11.97,16.02,0,0,0.95,24.72,24.18,1.43,3.80,7.35,0,0,0.16,41.27,43.94,11.20,25.46,26.74,0,0,2.90 
E14001602,Wythenshawe and Sale East,North West,16.50,59.41,6.80,5.04,9.47,0,0,2.78,11.94,48.03,2.53,0.97,3.98,0,0,0.64,21.60,70.11,14.19,13.01,17.56,0,0,7.03 
E14001603,Yeovil,South West,27.91,10.58,40.12,8.12,12.29,0,0,0.98,22.45,7.34,32.97,3.88,7.21,0,0,0.28,33.70,14.30,47.29,14.22,19.07,0,0,2.32 
E14001604,York Central,Yorkshire and The Humber,15.66,58.80,5.86,9.69,8.14,0,0,1.85,11.34,47.42,2.10,3.08,3.57,0,0,0.34,20.91,69.25,11.93,20.90,15.46,0,0,5.48 
E14001605,York Outer,Yorkshire and The Humber,27.40,44.39,18.31,0.40,8.51,0,0,0.99,20.65,33.01,7.94,0.03,3.46,0,0,0.18,35.03,55.56,31.38,1.61,15.64,0,0,3.18 
S14000021,East Renfrewshire,Scotland,24.29,31.73,3.76,0.12,5.25,0,33.57,1.29,18.10,21.95,0.85,0.00,1.89,0,21.87,0.20,30.76,42.55,9.09,0.53,11.13,0,45.57,3.94 
S14000027,Na h-Eileanan an Iar,Scotland,12.42,34.52,3.39,0,5.56,0,37.80,6.31,8.66,23.22,0.79,0,1.64,0,24.70,1.13,16.98,46.76,8.67,0,12.87,0,51.09,16.93 
S14000045,Midlothian,Scotland,13.39,37.50,7.18,0,2.06,0,37.90,1.96,9.61,27.64,2.53,0,0.60,0,26.69,0.38,17.81,48.36,14.14,0,4.72,0,48.75,5.75 
S14000048,North Ayrshire and Arran,Scotland,17.42,29.55,3.54,2.23,5.24,0,37.43,4.59,13.06,20.74,1.24,0.35,2.11,0,26.72,1.26,22.20,38.88,7.61,6.33,10.55,0,49.33,10.83 
S14000051,Orkney and Shetland,Scotland,3.73,10.89,56.62,0.58,5.23,0,22.95,0,1.69,4.71,38.86,0,1.21,0,10.98,0,6.82,20.93,72.37,3.34,12.85,0,37.54,0 
S14000060,Aberdeen North,Scotland,14.23,27.66,5.29,3.72,7.78,0,40.08,1.23,10.30,19.63,1.94,0.85,3.27,0,29.67,0.23,18.93,36.38,10.56,9.60,14.94,0,50.82,3.37 
S14000061,Aberdeen South,Scotland,20.07,23.50,13.37,4.64,4.02,0,32.98,1.42,15.36,16.46,6.22,1.05,1.53,0,22.90,0.28,25.62,31.88,22.75,11.56,8.17,0,43.75,4.29 
S14000062,Aberdeenshire North and Moray East,Scotland,33.46,10.36,9.93,0,10.96,0,35.29,0,25.77,6.19,4.70,0,5.12,0,26.06,0,41.88,15.62,17.42,0,19.15,0,45.05,0 
S14000063,Airdrie and Shotts,Scotland,11.27,42.81,2.19,0,1.76,0,39.96,2.01,7.66,31.69,0.48,0,0.50,0,27.87,0.30,15.90,53.86,5.76,0,4.29,0,52.39,5.79 
S14000064,Alloa and Grangemouth,Scotland,16.63,28.09,3.14,8.07,5.19,0,37.43,1.44,12.42,19.58,0.76,2.45,2.01,0,26.17,0.26,21.54,39.00,7.71,17.77,10.38,0,48.76,4.36 
S14000065,Angus and Perthshire Glens,Scotland,24.88,17.09,4.15,0,4.46,0,48.47,0.95,18.68,10.36,1.15,0,1.49,0,38.94,0.14,31.71,25.01,9.01,0,9.22,0,57.71,2.90 
S14000066,Arbroath and Broughty Ferry,Scotland,16.84,23.15,5.26,0,2.92,0,50.74,1.10,12.34,14.97,1.50,0,0.95,0,38.69,0.12,22.22,33.25,11.67,0,6.55,0,61.65,3.92 
S14000067,"Argyll,Bute and South Lochaber",Scotland,23.04,18.03,12.42,0,5.08,0,39.27,2.17,16.53,10.72,5.17,0,1.77,0,27.58,0.31,30.21,27.10,22.09,0,10.81,0,50.80,6.20 
S14000068,Bathgate and Linlithgow,Scotland,13.50,35.82,4.22,2.78,3.90,0,38.10,1.70,10.08,26.18,1.40,0.46,1.50,0,27.79,0.35,17.19,45.72,8.82,7.64,7.68,0,50.04,4.93 
S14000069,"Caithness,Sutherland and Easter Ross",Scotland,8.52,16.45,33.33,2.50,4.84,0,29.73,4.63,5.72,10.04,22.33,0.33,1.88,0,19.48,1.10,12.08,24.21,43.96,7.80,9.49,0,40.57,10.61 
S14000070,Coatbridge and Bellshill,Scotland,6.87,39.34,1.93,3.12,3.16,0,41.87,3.70,4.70,27.89,0.45,0.37,1.15,0,27.72,0.82,9.60,51.31,5.14,9.25,6.66,0,55.05,10.45 
S14000071,Cowdenbeath and Kirkcaldy,Scotland,13.10,38.38,5.24,4.37,3.79,0,31.65,3.47,9.36,27.42,1.48,0.70,1.25,0,20.47,0.86,17.85,49.58,12.13,11.70,8.18,0,44.23,8.86 
S14000072,Cumbernauld and Kirkintilloch,Scotland,7.51,34.04,2.80,6.07,6.84,0,42.74,0,5.03,23.51,0.77,1.42,2.68,0,29.16,0,10.71,46.19,6.59,14.62,13.59,0,56.16,0 
S14000073,Dumfries and Galloway,Scotland,28.94,21.88,3.59,0.60,7.20,0,37.05,0.74,22.80,14.78,1.14,0.03,3.08,0,27.30,0.06,35.55,30.31,8.04,2.96,13.89,0,47.44,2.50 
S14000074,"Dumfriesshire,Clydesdale and Tweeddale",Scotland,32.29,26.79,2.50,1.86,6.34,0,29.25,0.98,25.70,18.73,0.73,0.17,2.70,0,19.79,0.09,39.21,36.03,5.84,5.98,12.35,0,38.95,3.15 
S14000075,Dundee Central,Scotland,6.82,32.20,5.12,0,3.62,0,48.80,3.45,4.48,22.52,1.60,0,1.22,0,35.80,0.60,9.86,42.88,10.48,0,7.84,0,60.47,9.90 
S14000076,Dunfermline and Dollar,Scotland,12.08,38.87,5.35,3.30,2.98,0,34.51,2.90,9.04,29.43,2.10,0.67,1.06,0,24.24,0.86,15.43,48.52,10.39,8.70,6.24,0,44.59,6.76 
S14000077,East Kilbride and Strathaven,Scotland,10.37,49.58,2.97,2.73,3.80,0,28.78,1.76,7.69,39.96,0.86,0.54,1.48,0,19.54,0.38,13.68,59.46,6.39,7.49,7.57,0,38.73,4.57 
S14000078,Edinburgh East and Musselburgh,Scotland,9.18,30.15,5.65,5.81,2.60,0,42.90,3.72,6.31,22.18,2.16,1.65,0.87,0,31.08,1.00,12.97,39.10,11.19,12.79,5.84,0,54.22,8.87 
S14000079,Edinburgh North and Leith,Scotland,12.75,35.41,9.80,5.19,2.51,0,32.89,1.46,8.81,26.82,4.81,1.43,0.82,0,22.85,0.30,17.03,45.03,16.72,11.84,5.65,0,42.75,3.88 
S14000080,Edinburgh South,Scotland,13.45,43.07,4.67,14.80,1.69,0,19.34,2.98,9.18,31.39,1.06,5.84,0.40,0,10.31,0.48,18.79,54.37,11.01,27.37,4.52,0,30.08,8.22 
S14000081,Edinburgh South West,Scotland,12.69,26.54,6.22,7.16,4.78,0,41.52,1.09,8.75,18.44,2.14,2.13,1.92,0,30.88,0.18,17.14,35.63,12.32,15.09,9.20,0,52.27,3.36 
S14000082,Edinburgh West,Scotland,12.12,23.46,30.42,4.53,4.71,0,19.69,5.08,8.07,14.10,16.91,0.06,1.47,0,10.37,1.15,17.51,34.20,43.88,13.83,10.81,0,30.02,12.70 
S14000083,Falkirk,Scotland,12.18,33.81,5.12,9.57,4.55,0,32.92,1.86,8.67,23.58,1.72,2.96,1.67,0,20.84,0.37,16.32,44.44,11.17,20.33,9.28,0,45.30,4.91 
S14000084,Glasgow East,Scotland,6.41,37.84,3.11,5.08,2.21,0,42.90,2.45,4.16,27.39,0.86,0.99,0.71,0,30.59,0.43,9.18,49.33,7.54,12.58,5.19,0,55.21,6.90 
S14000085,Glasgow North,Scotland,3.54,37.33,4.17,4.56,1.76,0,45.05,3.59,2.29,27.11,1.35,1.00,0.57,0,32.32,0.98,5.02,48.03,9.08,11.85,3.92,0,57.09,9.12 
S14000086,Glasgow North East,Scotland,6.26,39.16,3.61,0.37,2.23,0,44.92,3.45,4.12,27.99,0.99,0.02,0.69,0,30.33,0.77,9.04,52.09,8.81,1.65,5.16,0,58.48,9.39 
S14000087,Glasgow South,Scotland,6.36,31.52,4.20,11.61,2.26,0,39.33,4.72,4.22,21.44,1.35,3.92,0.73,0,27.79,1.11,8.89,41.85,9.35,22.46,5.00,0,52.19,12.26 
S14000088,Glasgow South West,Scotland,4.80,34.15,3.34,8.49,2.92,0,42.55,3.74,3.28,25.18,1.10,2.70,1.01,0,29.87,1.00,6.66,44.74,7.22,17.89,6.25,0,54.80,8.66 
S14000089,Glasgow West,Scotland,7.82,35.13,4.30,1.86,3.40,0,44.79,2.71,5.16,24.53,1.42,0.23,1.20,0,31.75,0.53,10.72,46.67,9.25,5.92,7.51,0,57.65,7.85 
S14000090,Glenrothes and Mid Fife,Scotland,10.35,37.93,4.35,0,4.73,0,42.64,0,6.82,26.59,1.29,0,1.61,0,30.38,0,14.41,49.84,9.68,0,10.44,0,56.09,0 
S14000091,Gordon and Buchan,Scotland,30.68,13.38,8.96,0,7.92,0,39.07,0,23.43,7.88,3.54,0,2.88,0,27.83,0,38.62,20.68,17.15,0,15.90,0,49.13,0 
S14000092,Hamilton and Clyde Valley,Scotland,17.78,38.73,5.05,0,2.49,0,34.21,1.74,13.01,29.91,1.67,0,0.83,0,23.64,0.32,22.81,48.26,9.63,0,5.77,0,44.76,4.97 
S14000093,Inverclyde and Renfrewshire West,Scotland,8.80,42.38,3.31,0.80,2.69,0,39.83,2.19,6.34,31.66,0.81,0.10,0.94,0,27.51,0.43,11.53,53.63,7.87,2.97,5.71,0,51.83,6.22 
S14000094,"Inverness,Skye and West Ross-shire",Scotland,11.21,13.29,20.00,4.69,3.88,0,45.68,1.25,7.99,8.20,11.21,1.13,1.36,0,33.88,0.27,14.77,19.88,29.60,11.72,7.88,0,57.12,3.49 
S14000095,Livingston,Scotland,9.92,40.72,4.38,2.59,4.98,0,35.42,1.99,7.25,31.14,1.43,0.47,2.08,0,23.97,0.40,13.09,51.64,8.96,7.21,9.87,0,46.15,5.38 
S14000096,Lothian East,Scotland,19.30,43.25,3.57,0.34,3.91,0,25.67,3.96,15.03,33.18,1.01,0.03,1.50,0,16.97,1.07,24.29,53.09,7.95,1.33,7.85,0,35.35,9.86 
S14000097,Mid Dunbartonshire,Scotland,7.13,20.00,40.73,6.62,3.33,0,20.67,1.52,4.77,12.68,29.50,1.60,1.19,0,12.23,0.24,9.99,29.24,52.61,15.84,6.83,0,30.41,4.49 
S14000098,"Moray West,Nairn and Strathspey",Scotland,25.04,17.58,6.02,2.46,11.27,0,36.18,1.45,18.52,11.26,2.17,0.34,5.17,0,24.75,0.23,32.49,25.82,11.84,6.75,19.93,0,47.77,4.41 
S14000099,"Motherwell,Wishaw and Carluke",Scotland,13.27,36.50,2.61,0.49,4.38,0,40.52,2.23,9.39,26.69,0.66,0.04,1.50,0,29.13,0.46,17.74,47.21,6.41,1.85,9.37,0,52.77,6.27 
S14000100,North East Fife,Scotland,7.50,14.77,41.10,0.86,4.30,0,31.47,0,4.69,8.10,27.03,0.06,1.27,0,19.18,0,11.37,24.59,54.86,3.50,9.65,0,43.90,0 
S14000101,Paisley and Renfrewshire North,Scotland,13.00,39.47,6.41,0.83,5.93,0,34.36,0,9.23,29.20,2.16,0.09,2.31,0,23.45,0,17.30,50.01,12.91,3.15,11.80,0,46.09,0 
S14000102,Paisley and Renfrewshire South,Scotland,8.91,41.27,10.27,1.16,2.84,0,33.61,1.94,6.00,30.45,4.33,0.10,0.96,0,22.14,0.34,12.41,52.24,18.17,4.57,6.47,0,46.17,5.46 
S14000103,Perth and Kinross-shire,Scotland,25.44,21.66,4.54,0,6.64,0,40.60,1.11,19.13,14.49,1.61,0,2.55,0,29.04,0.18,32.23,30.38,9.70,0,12.77,0,50.89,3.59 
S14000104,Rutherglen,Scotland,9.53,48.12,2.50,0,1.91,0,34.47,3.47,6.83,38.99,0.65,0,0.64,0,24.97,0.82,12.43,57.43,5.79,0,4.28,0,44.20,8.37 
S14000105,Stirling and Strathallan,Scotland,19.09,23.43,10.05,5.82,7.69,0,33.92,0,14.10,16.51,4.82,1.76,3.27,0,23.15,0,24.61,31.56,17.18,13.08,14.24,0,44.23,0 
S14000106,West Dunbartonshire,Scotland,6.75,36.88,2.92,3.06,2.90,0,45.33,2.15,4.59,25.31,0.86,0.51,0.91,0,32.30,0.45,9.26,48.52,6.91,9.12,6.78,0,58.20,5.78 
S14000107,"Ayr,Carrick and Cumnock",Scotland,22.65,24.76,2.07,0.16,6.00,0,42.83,1.53,16.87,16.99,0.44,0.01,2.10,0,31.40,0.27,29.36,34.18,5.55,0.71,11.84,0,53.53,4.63 
S14000108,"Berwickshire,Roxburgh and Selkirk",Scotland,34.31,13.73,6.22,0.87,6.07,0,37.89,0.92,28.02,9.18,2.78,0.08,2.58,0,29.07,0.07,40.70,19.23,10.77,3.14,11.07,0,46.10,2.92 
S14000109,Central Ayrshire,Scotland,17.72,32.00,1.51,0.18,4.63,0,41.83,2.11,13.26,22.10,0.37,0.01,1.68,0,30.46,0.45,22.76,42.12,3.73,0.78,9.43,0,53.10,5.97 
S14000110,Kilmarnock and Loudoun,Scotland,10.45,35.09,2.16,0.55,3.16,0,46.87,1.72,6.98,25.06,0.45,0.07,1.05,0,34.70,0.32,14.44,45.79,5.70,2.05,6.95,0,58.40,5.24 
S14000111,West Aberdeenshire and Kincardine,Scotland,27.89,12.58,8.77,1.08,7.83,0,40.64,1.22,20.99,7.58,3.49,0.09,2.84,0,30.31,0.09,35.13,18.81,16.12,3.80,16.16,0,50.98,4.15 
W07000081,Aberafan Maesteg,Wales,10.25,53.12,2.95,8.73,16.61,7.10,0,1.24,6.73,40.27,0.76,2.18,8.42,1.43,0,0.14,14.46,65.19,7.09,19.78,27.96,18.85,0,4.66 
W07000082,Alyn and Deeside,Wales,21.93,51.27,10.38,0.40,12.43,1.44,0,2.14,15.69,40.55,4.26,0.03,5.81,0.13,0,0.37,29.14,61.84,19.44,1.66,21.52,4.96,0,6.21 
W07000083,Bangor Aberconwy,Wales,20.42,38.64,9.67,0.77,14.21,16.25,0,0.04,13.34,27.40,4.07,0.05,6.74,5.72,0,0,28.29,50.73,18.63,3.12,24.16,30.30,0,0.31 
W07000084,Blaenau Gwent and Rhymney,Wales,13.59,57.46,7.01,3.34,0,14.56,0,4.04,8.51,42.44,1.91,0.45,0,4.26,0,0.49,19.77,71.36,15.67,10.37,0,31.10,0,14.53 
W07000085,"Brecon,Radnor and Cwm Tawe",Wales,18.80,25.23,30.52,6.63,9.97,8.60,0,0.25,11.95,15.89,17.07,1.63,3.59,1.94,0,0.00,26.95,35.97,46.09,16.15,20.02,21.11,0,1.25 
W07000086,Bridgend,Wales,21.46,49.96,3.29,6.11,13.39,4.44,0,1.35,15.66,38.59,0.72,1.53,5.97,0.80,0,0.17,28.16,61.77,8.39,14.45,24.29,11.45,0,4.45 
W07000087,Caerfyrddin,Wales,18.29,35.03,2.50,0.79,13.36,30.01,0,0.02,11.24,23.22,0.33,0.00,5.36,14.67,0,0,26.36,48.71,7.80,3.87,24.00,47.18,0,0.10 
W07000088,Caerphilly,Wales,10.17,46.01,2.46,2.98,26.20,12.19,0,0,5.67,32.96,0.54,0.33,15.16,3.43,0,0,15.90,59.07,6.48,8.94,40.69,26.63,0,0 
W07000089,Cardiff East,Wales,14.18,52.05,9.17,7.42,8.06,3.18,0,5.94,9.81,39.88,3.47,1.71,3.37,0.42,0,1.22,19.35,64.66,17.80,17.00,15.01,9.42,0,15.09 
W07000090,Cardiff North,Wales,25.55,40.63,3.93,15.64,6.91,7.35,0,0,18.75,29.12,1.12,6.32,2.55,2.04,0,0,32.93,51.21,8.93,28.30,14.32,17.02,0,0 
W07000091,Cardiff South and Penarth,Wales,15.89,50.66,5.28,5.67,11.60,10.91,0,0,10.99,38.94,1.59,1.41,5.02,3.05,0,0,21.88,62.07,11.81,13.49,21.77,22.79,0,0 
W07000092,Cardiff West,Wales,18.52,44.03,6.48,8.74,12.69,8.85,0,0.69,13.39,32.75,2.36,2.32,5.85,2.51,0,0.06,25.00,55.20,12.59,18.19,22.50,19.47,0,2.51 
W07000093,Ceredigion Preseli,Wales,15.27,23.22,11.38,8.72,7.47,33.91,0,0.02,9.69,14.11,4.50,1.93,3.16,17.06,0,0,21.29,33.67,20.55,19.90,14.24,49.36,0,0.15 
W07000094,Clwyd East,Wales,30.16,50.20,2.71,0.65,10.44,4.31,0,1.53,22.70,39.38,0.62,0.06,4.76,0.79,0,0.24,38.04,60.58,7.03,2.59,19.22,12.16,0,4.86 
W07000095,Clwyd North,Wales,21.65,36.76,2.06,0.47,18.42,20.64,0,0,15.11,26.73,0.50,0.05,9.77,8.68,0,0,28.70,47.79,4.99,1.80,29.15,36.72,0,0 
W07000096,Dwyfor Meirionnydd,Wales,16.78,21.18,0.42,3.13,5.67,52.82,0,0.01,9.18,10.27,0.02,0.10,1.40,31.34,0,0,27.00,36.28,1.77,12.70,13.93,70.16,0,0.04 
W07000097,Gower,Wales,22.88,52.73,2.65,0.61,12.07,7.60,0,1.46,16.35,41.35,0.67,0.06,5.33,1.66,0,0.19,30.47,63.12,6.59,2.42,22.10,17.99,0,4.79 
W07000098,Llanelli,Wales,18.11,48.48,0.09,0.79,17.63,14.77,0,0.12,11.91,36.33,0.01,0.05,8.48,4.07,0,0,25.30,61.07,0.33,3.34,29.05,29.08,0,0.82 
W07000099,Merthyr Tydfil and Aberdare,Wales,8.17,43.87,2.69,9.20,21.25,13.76,0,1.06,5.21,30.92,0.71,2.39,11.91,4.68,0,0.11,11.67,56.04,6.72,22.31,33.39,28.21,0,3.56 
W07000100,Mid and South Pembrokeshire,Wales,35.68,45.47,2.26,1.20,14.47,0.40,0,0.53,26.65,35.65,0.46,0.13,6.57,0.02,0,0.04,44.75,55.28,5.88,4.40,25.31,2.25,0,1.95 
W07000101,Monmouthshire,Wales,26.62,46.38,4.81,5.96,10.45,3.84,0,1.94,19.61,35.08,1.25,0.96,3.93,0.30,0,0.33,34.38,58.00,11.33,16.15,21.88,11.62,0,6.32 
W07000102,Montgomeryshire and Glyndwr,Wales,28.70,30.60,15.66,0.65,13.72,10.66,0,0,18.88,20.08,6.04,0.06,5.66,2.28,0,0,38.40,41.97,29.63,2.52,26.42,27.87,0,0 
W07000103,Neath and Swansea East,Wales,14.83,43.67,11.48,3.17,17.83,9.03,0,0,10.29,32.56,4.83,0.52,9.43,2.68,0,0,20.44,54.77,20.91,8.47,27.68,19.63,0,0 
W07000104,Newport East,Wales,20.06,47.72,3.78,10.04,8.09,6.92,0,3.39,14.81,36.13,0.99,3.56,3.05,1.59,0,0.66,25.85,58.94,9.70,21.46,15.78,17.52,0,9.53 
W07000105,Newport West and Islwyn,Wales,20.09,49.51,3.58,5.32,14.05,5.06,0,2.39,14.07,37.39,0.79,0.87,5.85,0.98,0,0.37,26.95,60.98,8.69,13.92,26.43,14.71,0,7.04 
W07000106,Pontypridd,Wales,14.69,51.08,1.16,1.57,17.39,13.57,0,0.55,9.94,38.71,0.24,0.16,8.22,4.23,0,0.02,20.66,63.29,3.49,5.89,29.87,26.17,0,2.34 
W07000107,Rhondda and Ogmore,Wales,7.93,48.79,1.30,3.48,18.12,20.37,0,0,4.66,34.50,0.22,0.50,9.23,8.52,0,0,12.18,62.27,4.01,10.12,30.37,36.89,0,0 
W07000108,Swansea West,Wales,13.52,54.73,2.83,3.57,12.88,10.38,0,2.08,9.47,43.79,0.86,0.71,6.72,3.28,0,0.43,18.28,64.31,6.90,9.88,20.84,20.81,0,5.45 
W07000109,Torfaen,Wales,18.24,40.55,7.70,15.19,11.61,3.77,0,2.94,13.01,28.33,2.33,5.54,5.01,0.66,0,0.42,24.11,53.09,16.69,31.01,20.69,9.76,0,9.20 
W07000110,Vale of Glamorgan,Wales,31.24,51.23,0.56,11.60,2.69,1.85,0,0.84,22.20,38.68,0.09,2.83,0.80,0.12,0,0.02,40.76,63.40,1.72,24.57,6.78,6.68,0,4.37 
W07000111,Wrexham,Wales,22.14,47.07,3.64,9.53,12.58,4.73,0,0.31,15.39,34.10,0.94,2.38,6.01,0.92,0,0,30.19,59.22,9.34,22.67,22.11,12.43,0,1.98 
W07000112,Ynys Mn,Wales,26.47,43.15,0.15,1.34,13.46,15.39,0,0.05,17.26,30.64,0.01,0.05,5.53,3.84,0,0,36.66,55.89,0.55,6.02,24.02,32.22,0,0.45 
